business_id,total_checkin,01,02,03,04,05,06,07,08,09,10,11,12
-1m9o3vGRA8IBPNvNqKLmA,218,19,20,13,17,20,14,18,29,19,24,19,6
-6tvduBzjLI1ISfs3F_qTg,324,26,33,29,34,29,21,30,22,31,36,25,8
-9dmhyBvepc08KPEHlEM0w,247,6,11,10,24,25,22,41,44,25,26,9,4
-ADtl9bLp8wNqYX1k3KuxA,225,25,27,22,22,21,7,18,19,18,15,24,7
-DYPu72JHFKno3lAaUWyFw,201,4,6,10,18,23,24,30,23,29,16,13,5
-FLnsWAa4AGEW4NgE8Fqew,594,54,57,91,59,61,52,57,40,43,41,32,7
-LzUYsR54hd8cCiYXTquRA,229,41,32,33,19,21,17,15,15,14,9,11,2
-Q8F0KbFIK3m3VeGXoCDEA,289,26,24,29,33,26,26,27,23,22,22,21,10
-Qkx7W0itbAApcG5lJuMFQ,1048,83,66,115,93,121,78,113,127,85,59,75,33
-RJ216TTIghZshCkUlD1WQ,203,15,14,24,17,20,10,14,20,31,15,16,7
-RYIKWBSTaJ21B2UMyzI-Q,279,22,23,29,29,38,20,27,24,19,15,29,4
-WLrZPzjKfrftLWaCi1QZQ,215,21,22,17,21,15,27,21,18,19,11,18,5
-ZBfr1BHvArFp1d6XH8jOQ,259,26,33,32,20,26,23,27,17,15,15,22,3
-_TSaVr53qiEGqMkwyEMaQ,424,43,24,39,38,49,38,43,36,36,25,33,20
-a857YYdjzgOdOjFFRsRXQ,265,24,12,27,37,26,13,28,21,19,26,23,9
-bMZCfTK7fxFaURynKpBMA,201,21,9,31,20,27,20,12,12,20,10,16,3
-ed0Yc9on37RoIoG2ZgxBA,420,47,37,47,30,30,43,38,38,37,33,32,8
-fZ4jE_7FKos0MQvMqoj5Q,350,0,0,0,70,52,62,26,28,36,30,33,13
-io9loC11Z73p_QDAWytpA,356,0,0,38,47,43,47,42,41,36,23,28,11
-kG0N8sBhBotMbu0KVSPaw,1715,184,130,161,149,150,178,171,159,159,110,110,54
-kIscN8I29eXMPkvyyxmRQ,234,17,26,26,21,17,18,30,33,13,12,17,4
-oUM2uISux96lMGeawHIOA,582,38,48,47,28,63,52,73,57,51,62,45,18
-qYuPncpK8elgD-6Qx3v7A,615,30,45,63,68,72,50,61,62,73,35,40,16
-wvWO7UlQNK2IprIukH9uQ,214,13,17,46,32,36,21,14,11,8,11,2,3
-zbcosKSMGDhaZYN-CrcVA,265,17,19,20,28,26,21,33,33,21,19,20,8
01VPJkcU0m8WzlA7dCEpVQ,245,23,22,21,17,13,4,15,25,10,18,58,19
01fuY2NNscttoTxOYbuZXw,230,11,20,29,20,26,24,20,21,16,21,21,1
024QUHVU7nlyW5y2BeeGLg,261,19,16,11,32,27,21,13,33,28,20,32,9
042IHd5KjHiMuBtGtugO_g,235,32,26,27,18,22,29,15,15,11,15,18,7
07AZL5XenCQ_-op_onKLdw,253,27,16,18,12,22,32,27,29,37,18,9,6
0CB7YB1qRSWLQvMbHw3Fmw,719,54,59,92,72,76,87,77,79,39,37,34,13
0EgYXYjt2XJL4hlsKnzrcw,369,30,38,32,39,28,29,36,19,32,32,38,16
0FUtlsQrJI7LhqDPxLumEw,325,30,28,43,28,28,25,33,20,31,26,23,10
0KjY3gmtqQjc4sK-uG-6fQ,202,13,12,9,8,17,25,32,21,26,20,12,7
0LmDg_Y6Ht3zFqtvmLhp6g,286,30,27,39,21,29,15,21,22,30,19,25,8
0QzCeORfF8EY34UODWRV9A,256,26,19,26,39,14,30,28,18,29,13,13,1
0RELQcu2_pIQH-nkPICOSw,494,34,24,79,57,46,40,46,48,32,49,33,6
0V18KwdtfsdrIu9xyO4GLg,324,41,35,28,25,25,22,20,39,16,36,29,8
0W4lkclzZThpx3V65bVgig,401,19,21,32,31,47,38,56,47,54,30,21,5
0W_pPAiTXgazY2mtX6o0_w,233,19,22,27,18,20,26,14,25,16,17,21,8
0WoQQlMXVIDEgI0xNdENKA,245,27,25,22,21,20,17,18,21,26,21,23,4
0_aeYE2-VbsZts_UpILgDw,377,32,22,40,36,35,33,39,38,30,32,28,12
0d0i0FaJq1GIeW1rS2D-5w,659,48,55,59,58,77,63,70,59,54,46,44,26
0j7VWa5uGebj_94C1K2i2g,202,23,14,25,16,15,20,19,14,15,15,19,7
0w3BdEOxvwKTpypwbN5kiQ,222,18,8,17,17,13,23,29,23,23,18,20,13
0wW9PasC8pw8SY7rlY3ZKw,264,31,21,29,31,20,14,29,24,21,16,22,6
15YuEFO59yXd7BTO5NZgYw,345,24,42,38,38,24,27,24,25,32,27,32,12
16d3BlncEyCTzb0GxXrBXQ,228,25,22,26,19,13,29,19,13,21,10,20,11
1BrIPwRhJHOp6yBwjoRtgg,257,10,27,17,16,29,25,34,27,19,20,28,5
1CP8aJa8ILlfM5deroar0Q,244,1,4,2,1,1,3,70,110,20,5,24,3
1DP5vHxJzCDbgawv0WC3yA,220,25,7,8,15,18,21,19,17,25,28,23,14
1LSdIQQVvzzyDyiYPxztkg,368,22,26,31,29,45,35,37,32,44,33,29,5
1O0JT3O8TCULYhu-AIziwg,207,25,17,22,23,19,18,14,24,17,18,6,4
1TTQ41NqKks69GltQSQNIA,210,22,18,10,13,21,27,17,25,15,17,16,9
1ZusRIDxNN0JKQtuGqq_xQ,489,52,37,37,31,35,41,33,83,57,41,30,12
1aEk5vowhhTa-C3EqxdEFw,318,27,27,28,29,26,33,27,37,29,23,23,9
1aMxCG33wAoxjWoeRsl4BA,321,20,9,17,20,40,33,34,41,32,34,31,10
1aVbXH_4uQCTQU7HfGmyow,1261,117,104,142,110,139,95,117,117,106,97,89,28
1bdwB6hxMUnSKF8bCsmuZA,365,36,25,46,32,33,33,34,44,22,23,30,7
1qkKfqhO8z2XMzLLDFE96Q,656,69,70,78,44,63,63,64,59,57,41,28,20
1qwkbN3wu3AGDxMTXVz2gA,308,27,28,33,35,33,33,24,23,12,29,18,13
1t5hd9IXLpBOv3ICtk-bCw,405,45,39,45,42,35,42,51,29,25,33,16,3
1u6-Fy87nmWyGlG0VA1jqQ,438,36,25,42,32,27,50,39,38,35,51,43,20
1ufk_GFAX_5foAZnbM_U6A,953,65,60,76,63,70,62,74,97,123,118,104,41
1xB0Qf2-TN6CQ5c4Fh7vqg,305,40,18,22,45,39,37,40,31,14,9,9,1
2OJrznHaA4Gz_KYbQnAuzQ,213,19,12,18,20,25,15,20,24,19,20,18,3
2SfSzEd3B7WimeZac23zhg,222,29,25,28,19,29,27,20,6,1,10,20,8
2XQCX26OnIC_pap-5E2EMQ,288,0,20,49,24,51,38,26,31,14,13,19,3
2_qLxCT0jHM8Xqk6PEwrBw,336,31,29,29,47,24,22,31,33,31,26,22,11
2adhYiY1IQ5flntw30Sdew,203,12,20,19,30,31,11,18,11,16,12,13,10
2cKAew-9iLS-mo-TtOgFiA,240,0,0,8,51,57,25,17,25,21,16,13,7
2iTsRqUsPGRH1li1WVRvKQ,335,35,30,29,32,35,25,22,32,28,29,30,8
2j78b8m1w4Sr2GVGCzFBtQ,425,28,26,38,41,45,50,49,40,28,37,33,10
2lUp2T09MltaVT5awHRElA,258,24,21,29,29,21,35,39,36,24,0,0,0
2s2ww6WaulfOEI16s1uyDg,206,35,18,63,19,9,14,18,8,9,10,3,0
2sx52lDoiEtef7xgPCaoBw,706,68,62,71,71,57,70,67,70,55,37,60,18
2weQS-RnoOBhb1KsHKyoSQ,656,47,46,61,62,49,64,68,56,58,56,65,24
33Pq0cQn3jODiIG7VwUxhw,1403,0,0,1,0,0,0,342,1059,1,0,0,0
366FaRQ1MWEHBhaEKTcriQ,209,4,7,35,24,22,15,21,19,16,16,21,9
3BCsAgo_1i4xMuTyLKMLRQ,431,48,35,62,45,38,27,33,49,32,28,26,8
3BTFQ0FTvNK9SR8zmjz0CQ,279,0,15,37,37,26,20,16,29,38,37,15,9
3C5Z9homtzkWHouH2BHXYQ,309,26,31,29,33,30,28,34,19,26,17,23,13
3Fs04IjkpmjB7B2ZVJ9tJg,274,21,19,26,27,36,33,32,28,21,13,11,7
3GEEy7RP6e4bT4LAiWFMFQ,476,44,34,47,47,30,40,46,52,50,40,39,7
3Jq5LfJ5fmJ5KmuA6VHmzw,597,56,44,53,62,47,60,56,61,56,52,37,13
3MdLnbpkvTcsKkMszUv_3g,268,35,16,23,28,34,22,33,14,17,25,16,5
3MutZJ4mfM3Ds450rbpMiw,462,39,39,56,34,46,44,40,39,51,30,34,10
3Mx4renubPRnjHUw1n2UkA,280,24,18,31,17,30,22,34,20,31,22,26,5
3OcNWCV7VrJu1qRGWEPBsg,204,4,11,12,22,23,21,18,21,19,27,16,10
3OxQiVUgZBAoELGRCgkEZw,386,12,36,38,40,41,57,45,53,24,18,19,3
3QQdF1RT43sVq2YxeE_iHw,254,35,30,36,36,33,18,20,16,9,12,7,2
3_QNAH8yVzY0sBPftWyNhQ,629,24,26,44,43,55,73,78,77,47,72,69,21
3jKUbhGSjFTv5jZ0wnW0xA,224,0,6,6,19,31,25,40,35,23,20,15,4
3kdSl5mo9dWC4clrQjEDGg,2683,190,191,226,230,264,241,280,295,200,220,284,62
3l54GTr8-E3XPbIxnF_sAA,431,44,40,71,40,44,34,26,30,30,31,27,14
3rJJeMOkVi_wEura5UCQqw,365,23,17,30,52,33,33,31,45,29,31,36,5
3sOS8wKatd_Uoa9VEJHhrw,342,45,28,26,25,39,26,35,26,32,22,21,17
3sSHcqZnEuzy3PQOuN-fZw,483,17,31,55,31,45,62,54,48,45,37,44,14
3ug1xM71zxibq5RETXCi4Q,410,40,32,33,21,44,45,44,45,46,27,23,10
3xmfT7l3xNH5LK1dLzfvGw,598,47,45,74,49,61,70,52,45,49,47,41,18
46Ld9Qc9nAx_A0jwclNZiw,341,9,12,17,31,43,43,57,46,38,21,23,1
4IGaWH9jUYMtP2uHIFEqFQ,928,73,68,74,82,94,89,84,96,85,83,66,34
4JNXUYY8wbaaDmk3BPzlWw,1230,118,126,101,91,109,115,111,106,110,92,118,33
4KOE7t4kYbYPMqWF3jU1Vg,528,0,0,0,0,11,126,166,82,51,46,35,11
4Nj2ktP2NjCbv2aKeH3ZBg,317,21,39,38,24,27,21,23,30,28,16,40,10
4OFeBLswQw8bJbkAtmYuAA,358,9,30,40,53,38,41,41,23,33,26,17,7
4Pl-ziYL2oerGyIPlwVdmA,370,29,28,21,24,51,31,40,44,28,32,39,3
4V5qDGHJ-JOJL5Wowcbjzg,852,75,103,87,68,74,75,59,85,80,45,80,21
4ZbRwCB9oGibxK21MUZKHA,213,27,17,25,23,15,21,21,14,17,13,15,5
4aCun88uZMOsAoymY5Li3w,285,20,13,33,15,30,34,43,24,9,24,33,7
4fGGeKlUY3SwqLW4SH_QnQ,224,32,20,40,25,30,17,19,10,9,10,6,6
4k3RlMAMd46DZ_JyZU0lMg,602,59,37,47,55,58,58,67,64,47,53,41,16
4oxLboB6UEcBxRwEjMrXag,202,15,15,24,19,14,13,17,16,25,21,19,4
4qG3Gh8QyugC1XvoTlmgcQ,718,46,44,56,49,75,62,79,81,96,65,48,17
4x_3EXJoJHx7A0-2m39jcw,240,27,30,12,22,15,14,26,26,22,26,15,5
4zgKJ8zEm_WEvSfWfZdLaA,217,0,0,0,0,0,0,0,0,2,98,80,37
52gkx721dD6LByYv4WyUIg,247,8,8,28,18,28,38,25,32,16,19,21,6
55E0-qUHa7Kzqz8rOhbdBQ,282,24,19,30,20,25,22,28,27,26,29,23,9
56Ll9rqG2WxXj4X2pmlkHQ,369,43,29,29,36,39,36,33,36,31,23,28,6
5DC9qePg09CHwAFVmqNjjg,464,39,43,40,45,35,36,63,42,38,37,32,14
5DDumAHRKumv3gZiPKW6iw,227,17,14,25,14,22,29,23,16,21,20,20,6
5Iz2vgFPbWKWDpE-MuWwmQ,370,104,40,38,24,26,29,22,22,27,21,12,5
5LNZ67Yw9RD6nf4_UhXOjw,2046,198,193,218,180,157,147,175,167,188,162,190,71
5T6kFKFycym_GkhgOiysIw,337,20,19,14,30,35,33,68,46,39,16,14,3
5U2tTspAnSBBtaO-UDWcKg,327,34,50,29,24,25,23,25,37,18,25,29,8
5WjFHat0vyx0OYtGbTpyag,491,24,25,75,56,44,44,40,61,46,33,25,18
5aK167zvZhGs_i7Vf4A1NQ,244,8,11,20,20,31,32,31,22,32,19,12,6
5eK_pgro9_LxPYDoRVJnEA,220,23,25,22,22,22,19,16,17,13,16,22,3
5eV8oUGdBXylwB7HeaDFOA,207,19,12,14,24,16,28,22,10,21,13,18,10
5exz18duMXvg91ZPdNX3eA,201,31,15,28,11,27,16,20,14,8,11,15,5
5keoVVM81g-nJw0Zdpl1nA,441,34,38,38,30,50,31,40,55,42,30,39,14
5ma1OUQWy_Ds80xUiP7JPQ,228,27,17,22,13,18,24,19,20,30,20,12,6
5nZVVPO_cYH9aQeClTP9zA,248,25,22,32,15,20,9,31,32,17,14,21,10
5qyVOOsTxMdEByXVkH6LQg,221,28,29,32,21,21,21,13,15,11,15,14,1
5rM7TlOWC_PlLIBbkiF-EA,228,38,30,26,22,13,32,19,7,2,17,14,8
5xdKUuu4DbJ71KGbwRXfFg,285,36,28,21,31,28,24,21,23,17,22,21,13
6-VJLO3Phc8uenJaLH54Og,908,50,69,85,99,67,102,97,81,82,81,62,33
63GKC3-BW8JY0YZewDj7XA,311,33,25,27,28,28,22,28,28,30,21,30,11
63pTKPaI7YkG0sZhMrkeQg,237,3,35,45,27,20,16,28,25,15,9,12,2
64QqZo80IOgG_CDQCM8URw,214,15,19,19,15,16,13,25,22,21,24,20,5
6Ct57qgmXwOnzfSZoUGh0Q,577,54,54,56,43,47,51,40,61,47,47,40,37
6Q7-wkCPc1KF75jZLOTcMw,348,24,24,32,32,23,37,54,42,12,30,34,4
6T39H2dGUnrM91WqvR0VcQ,293,15,16,29,28,33,35,51,29,15,21,18,3
6TRoNO3U2h5xHKYawKWnJg,371,0,0,0,0,67,143,74,45,25,15,1,1
6ZsiLiSWGK2pgw6t3LfzNQ,351,28,32,41,25,38,30,29,34,41,18,28,7
6eXGJjiUo-xNoTQkZIVlRA,241,11,16,21,12,22,20,30,27,25,24,26,7
6fz0hnNIVpLF5v2NqJfA9w,273,25,26,30,23,27,13,30,24,18,24,28,5
6hZgMg9rnDCC0RBVRlkZwQ,226,18,13,17,12,10,20,20,24,24,35,26,7
6kkxRV8H9SQLybj0xnEbMw,388,29,41,22,27,27,38,53,38,32,41,26,14
6t7mlTVjDA9fhuFAZmVzAQ,271,22,28,40,25,29,13,26,22,18,21,19,8
77h11eWv6HKJAgojLx8G4w,1165,111,108,111,102,98,83,113,102,106,89,105,37
7GHtTixfTGFxx3JG2NdEdQ,219,16,32,22,15,19,36,20,20,12,5,12,10
7HIa2lYy5jgcZuADlRjKSg,215,7,27,24,21,26,17,9,18,17,17,23,9
7MeMGh0SUlF-GuTyruwtcw,241,19,18,23,20,18,27,30,22,20,21,21,2
7P9pfy7Lp7aH_Arh1OMOAA,239,3,7,3,8,16,4,10,28,27,63,59,11
7RTwUpuPFnIHPoTmWJpWhQ,208,31,33,32,20,23,2,1,6,8,22,23,7
7SJoMX5ti-VoEsEW6mJLRA,304,37,24,29,24,23,31,5,31,49,18,27,6
7XiRql62fRgP7RC08FizTA,236,27,20,15,18,23,25,22,21,24,13,18,10
7enchAqu62VvXXLkxdQnLQ,322,0,0,0,0,0,0,35,49,112,59,47,20
7hWNnAj4VwK6FAUBN8E8lg,233,13,26,23,25,25,24,18,21,28,15,10,5
7sb2FYLS2sejZKxRYF9mtg,775,69,63,53,50,72,68,73,81,68,70,80,28
7svPiqFz7ad82VcdDbBcJw,205,5,8,14,14,17,22,27,21,25,25,20,7
7uGsMlo8_uIZIITKfhEARA,291,39,29,31,17,22,13,43,28,30,10,21,8
7wHLFohwCw8l6WS-feLjeg,204,31,22,19,16,15,16,20,16,12,17,14,6
7wMCJ9NqL9eBEX4WdJWuIA,765,51,50,57,66,86,84,87,81,66,70,50,17
8-8btzuYZCqEVOPwk0YYfA,323,42,42,33,33,23,26,24,25,26,22,21,6
81WMGpA8CVYlPhuhZatkXw,206,27,22,15,25,27,18,20,9,15,15,9,4
82YGtjc5KKikNiqBZ33qzw,514,35,32,45,45,40,29,28,74,61,54,43,28
82g1PwX5FvclqqdjJHcVNA,267,29,36,34,27,22,27,17,18,21,15,15,6
85nvKTJSN8byoeGRxzGkug,221,17,25,22,25,24,23,22,16,20,10,14,3
8796vXaydw2aY_zER0n9uA,228,25,25,27,20,21,16,13,19,24,12,18,8
88ht4Su4ejlSnEeW4RpcJA,280,0,0,37,55,41,47,27,38,11,10,11,3
8IhjRWSkD4P5YWYhBOme3Q,380,38,32,41,53,39,27,21,32,31,30,25,11
8N5KG-iuAJrPVL6awBzBaQ,276,24,19,23,22,21,26,36,47,23,13,14,8
8Rldc7fp2Bbp7NDae_HGRg,1313,0,0,0,161,180,181,104,104,154,200,195,34
8TZmBlMzzEgbsuPKd31xPw,237,18,25,18,15,22,27,21,29,22,15,14,11
8Yz1eFsaUy-ny3B6YZDOrg,873,35,127,59,42,118,140,90,49,52,84,57,20
8bZel-JgYDJFlnZo9ET4Pw,262,24,3,8,5,12,38,49,29,26,35,28,5
8jY2yCyy85bkhDbzqMnV4Q,246,24,25,26,22,21,25,17,19,18,21,19,9
8m6aYLXljejthCeBfrpuOA,201,26,29,25,25,21,15,10,12,9,10,12,7
8mIrX_LrOnAqWsB5JrOojQ,232,24,18,12,18,17,27,20,27,14,20,30,5
8xI4hJ3nS4avEoo_l62dkw,248,21,20,19,20,19,24,19,19,20,28,28,11
8zO1gDlfujftc6ZJr43nHA,409,67,28,40,36,29,35,27,34,35,31,36,11
9-cVW8wSRoE6Nmnc7v0uUA,207,21,20,15,12,14,18,24,21,18,17,24,3
90gxBZhbg9XcTLdPrwoaXA,363,35,37,42,37,29,38,26,39,23,30,17,10
94c68u2I7X6YK54hrjy7FQ,209,16,25,23,16,24,16,21,13,15,14,21,5
9MVKjEMN5T59uzG1xoD2BQ,464,36,22,34,34,40,55,39,56,49,47,35,17
9PIC380tmNYpIC3z5cvcNA,555,64,63,64,41,45,46,53,53,43,29,40,14
9SU7ZZhaFUJJ6m2k5HKHeg,375,31,37,57,30,34,42,27,39,14,25,33,6
9XFarEHVgf4KJ8pd51rKyw,256,11,3,5,24,28,16,64,49,32,20,4,0
9XXeFt-S-mlVVk2eccQanQ,249,0,0,0,49,36,47,47,47,16,1,6,0
9a3DrZvpYxVs3k_qwlCNSw,246,23,30,26,24,20,22,9,16,15,28,20,13
9edPSkfXKsJmkZYIaOmA7Q,700,71,55,69,74,65,51,65,60,42,55,77,16
9fTDeI6mApFX52qYJ8z0mw,294,32,35,23,32,31,16,18,26,24,26,24,7
9km51KaQujxsSgdaG9gYSw,763,53,44,61,44,41,74,85,88,109,85,70,9
9vG7UBYjYLDNb3VS1EZqEw,1505,95,73,83,82,77,76,136,176,175,215,215,102
9x5YH2z8c5K74-Hdf3NPkg,301,31,55,33,23,21,17,36,12,23,20,23,7
A-uZAD4zP3rRxb44WUGV5w,411,44,30,37,31,37,33,41,39,39,39,31,10
A22VviMhaGplsabsXhxBTg,544,0,7,15,29,36,54,95,52,54,69,87,46
A5Rkh7UymKm0_Rxm9K2PJw,407,34,37,54,37,48,32,37,34,25,27,28,14
A7oe4R7dnleHF4BklL6bNg,227,62,24,14,12,17,16,28,14,11,12,11,6
AALUV62lWxxVqDYaK-ckMw,452,42,34,37,40,35,34,42,55,39,41,38,15
ALwAlxItASeEs2vYAeLXHA,235,14,16,23,21,28,22,26,25,12,19,20,9
ATaDg2kdS9GTln1-tS6iIw,1408,126,98,160,129,152,157,146,154,117,80,75,14
AV6weBrZFFBfRGCbcRGO4g,688,63,78,48,70,54,61,64,52,63,61,51,23
AVCD-zzzeaNvC-znOZEhsg,236,21,24,32,37,25,21,17,10,16,16,14,3
AfVp8ozD_4maZMos6AC2cQ,380,34,42,39,31,29,29,40,31,36,32,27,10
AhPmh0NaRDbEYyhd9egzLA,359,22,30,49,39,37,27,35,30,29,23,30,8
Ai5mo_6JivsrywF9Qae1pQ,211,10,10,18,21,8,9,16,24,35,25,21,14
Ap17p-tA4Ipzy1s35DfCfg,299,23,23,30,24,41,18,24,39,33,20,19,5
Arox2o0zyinAFrsE_HDtHg,228,27,16,30,17,16,22,23,14,21,26,16,0
Ax0kP-g5AMTZQlm3BH0H_Q,285,34,39,26,32,33,40,26,15,11,10,13,6
Az_60nNuh1FH8Ds8oasZjw,427,35,36,32,37,34,34,44,38,40,35,49,13
Azy2vmC47uHSkZE2fdvBjA,297,27,29,26,31,45,29,24,19,20,21,24,2
B1nx3iQSafeHjN0uhpW4Kg,288,45,36,29,29,29,24,18,21,15,21,17,4
BFibmswPtBNyChp8vBHRsg,995,108,109,105,61,92,73,97,90,72,78,78,32
BGoTbgYZXjigGJ9rJ7YBsg,203,45,21,19,22,10,24,14,20,12,4,8,4
BIBWGO_r_1znnlmLbp4Nxg,617,41,39,50,59,57,50,76,65,56,54,53,17
BIuXMWuQIlC1ZlC3lTzy-w,319,37,31,37,28,37,24,39,29,16,10,23,8
BLIJ-p5wYuAhw6Pp6mh6mw,982,72,89,78,114,77,78,91,95,90,79,97,22
BORPULADzZV6_LJZzcsywQ,327,36,26,32,18,44,24,28,39,29,15,31,5
BUdPHseUBhZ_3wGW-GX7Mg,279,38,36,52,40,39,40,32,2,0,0,0,0
BWCfyBdnTvuXp6A_8wt8cA,295,0,0,19,43,39,39,20,19,32,34,41,9
BdF17gFawezAcr9wyyXmpQ,214,30,25,23,14,15,18,17,22,12,14,17,7
Bh3fRjirjRYDl2tufa42UA,1052,137,99,83,114,120,88,88,92,60,69,68,34
BiGJEC4WxcoW578wi1UBMw,402,25,41,39,34,36,45,30,38,31,41,29,13
BjrKNWhtQkedHw8hP_0Bjg,2683,26,30,143,764,761,588,207,53,38,25,41,7
BqlN9J6SBR3cOCWUqiHdhw,217,3,4,27,22,35,21,16,18,14,26,22,9
BxKe9Xt_fN6qBzrTofHuEQ,563,47,39,54,58,69,62,64,41,40,38,43,8
ByFMv3p5X1aNeZhU61rDcA,346,28,31,30,29,24,42,30,36,35,23,24,14
C133mywi5QcjV6WGztf6mw,216,0,0,4,30,16,20,20,25,21,29,37,14
C2BR0TjNacoNzItPLUHTAA,264,22,18,31,33,19,24,29,19,19,22,21,7
C8D_GU9cDDjbOJfCaGXxDQ,300,30,30,35,21,28,23,22,18,31,18,36,8
C9ImzBi5fn742ZcAYDww2A,246,23,24,30,18,25,21,31,21,18,14,14,7
CO_pozE8p0bmptoeVQQk4Q,211,21,15,16,17,19,13,21,21,16,23,19,10
CPi7KGba3x3QjMmIqD4aWw,521,44,27,34,47,49,53,60,71,32,42,49,13
CQk3WJtULz_xOkUM6o7wpQ,235,14,18,22,26,18,24,32,19,21,12,27,2
CVKOPzBVOj3_apFUmZ9ZWw,568,50,50,61,37,58,49,58,51,36,43,63,12
CX86HjLm-fK8ix0xe5LwiA,243,19,18,18,17,27,20,29,19,28,14,25,9
CcQCwULrYb37Bd86609yzg,274,43,37,37,20,18,18,18,21,19,9,22,12
CdxWhFBtjl0LBqlQEfxX8A,2968,222,211,197,139,154,243,404,312,286,377,303,120
Cf6fac73iYBXwkul-lm4vw,242,23,17,33,32,23,24,39,14,17,9,6,5
CiYLq33nAyghFkUR15pP-Q,334,30,25,27,26,28,17,38,28,42,18,40,15
Cly7wJhbXIDID_quND01_w,394,48,41,53,26,39,33,38,26,35,22,20,13
CoyeXg8FBsS_d20QzNIy-A,375,45,45,50,34,33,27,23,21,25,35,33,4
Cy8XYYDrZ5wd3Bq-toXMsg,238,26,23,15,23,17,21,24,26,17,24,19,3
D-2t7fHQu6hNLjjfRHSZaA,271,26,26,30,35,21,19,24,16,16,29,22,7
D3dAx-QW_uuClz4MambeHA,243,18,30,33,21,31,26,12,15,18,10,23,6
D6WXf0lB4pfuXZH3P7c5Ow,252,26,26,23,18,33,22,15,29,16,19,16,9
D8yYMxz0p6oQnOQnLRUIyA,741,54,91,81,91,72,75,50,104,40,28,39,16
DESv2ys6SjBKA4SyDtJvxw,329,20,25,28,26,41,45,31,23,28,21,33,8
DEr6oxw1bWb6vCCr9DSl1g,323,29,34,42,27,28,29,28,18,20,15,37,16
DNSDAtD6uxQkoZkQe2v4ew,297,36,37,36,33,28,17,24,11,29,14,26,6
DYAorbxOyubUB_wtQRCdug,357,35,31,34,26,22,41,35,33,29,30,27,14
DYuOxkW4DtlJsTHdxdXSlg,234,19,13,26,20,23,27,22,21,19,19,15,10
DZwR0EIPKlmC3mMLhTkqcQ,472,29,30,40,44,53,57,35,37,58,39,31,19
D_24gRsnae7guxJE8gLgtw,1372,138,120,126,132,109,113,156,113,119,124,103,19
DbEszO3wk1xVmN3pCPob2g,651,64,69,74,45,57,52,56,51,55,53,56,19
DfgZlNgKwBvCpA_0alumXw,767,61,55,66,78,57,76,80,67,53,74,78,22
DkYS3arLOhA8si5uUEmHOw,435,37,42,40,42,45,38,38,43,39,24,35,12
DncyhhT6-T-_g961pbEftA,430,35,43,45,44,42,37,41,33,35,29,31,15
DxgSVufr_6y_Rc63CC17Zg,309,27,25,30,31,26,30,26,28,23,22,32,9
DyOzNIeXUksPNLXYHnB-oQ,424,54,41,38,37,31,35,50,37,33,40,17,11
DzKl51tivGJMLiNsQqf38w,282,24,26,23,32,17,25,32,27,28,20,18,10
E4JyAzB5_2quptwtemyhYA,294,21,25,44,26,18,34,23,18,22,24,31,8
E62l6LwZJ7lKaExcUbrtYw,237,16,19,27,18,25,27,17,38,22,12,11,5
E83nSU_y9zedOzQnkTjV1g,384,31,31,39,34,28,34,33,38,33,27,41,15
EAwh1OmG6t6p3nRaZOW_AA,526,48,44,49,50,40,59,44,33,42,50,43,24
EDcZRvERC22Cvw1yi4-VKg,417,37,26,48,43,40,44,29,44,36,30,27,13
EEWQsBjVkeXqIMXqdIeRMg,314,19,32,13,33,42,34,31,33,25,23,21,8
EM4Qo0Tm40H8Nfk3s8Dy0g,256,17,29,49,25,27,25,30,25,15,12,2,0
EO2LIIpXIsaP30Sf3ZKTNg,439,0,0,0,0,100,55,75,58,54,40,43,14
EReVQGFkFgRWmGrr0voDSg,284,85,62,32,52,18,13,3,8,4,4,3,0
ES0ijQ-KlNPUoXl4tK1tDQ,292,24,22,38,23,33,36,20,29,30,11,21,5
EVlKBiHSr2ZUk9GsWwW_Yw,340,31,31,46,26,26,25,38,38,27,14,25,13
EWbNTPW0co_X4lZRB-QTLQ,357,19,21,17,23,47,40,35,36,41,24,32,22
E_7RIDFNQfxREnI_E5h0uA,576,63,62,64,56,40,51,53,58,51,36,31,11
Ec9CBmL3285XkeHaNp-bSQ,658,72,48,53,44,71,70,52,72,59,40,54,23
EdY6q0CO2mlATpoTFkvHAw,205,18,18,17,18,22,20,16,16,15,25,17,3
Ef5P6C2yHAv08FPif5Rdtg,204,20,26,23,12,19,26,12,10,23,10,18,5
EhIMjTklf4QPvRvMIhoQiA,331,16,19,37,32,27,43,26,34,30,29,29,9
Ehy00JWQixgoXzisVKhvag,213,49,14,16,11,13,21,20,23,12,11,17,6
EjklATg4aNBWINenUySCgQ,222,28,26,15,29,18,15,22,14,16,20,16,3
EjzMHfwqAmj7BgdzQjquRQ,251,55,42,53,41,49,11,0,0,0,0,0,0
EkYbGk9L5KdCfL3ocZ7ETQ,662,1,19,61,62,60,85,74,72,79,68,59,22
El4FC8jcawUVgw_0EIcbaQ,1324,110,98,137,116,95,121,124,131,117,103,115,57
ElWzx5_fU8S2G45OnM-HpA,613,40,52,87,74,41,64,37,34,53,55,51,25
EnCIojgP5KTr1leaysFE3A,251,20,12,29,24,25,15,20,21,31,20,27,7
EneqsOFGCK4KXofNHsc5aQ,460,47,43,43,27,45,46,45,39,33,31,42,19
Er5XAY2UFGGqBHdqpeCFkA,234,30,26,21,27,21,16,26,13,10,13,28,3
Er8DpPwf_lHHv64ncWhD8g,378,23,35,33,42,26,27,22,21,37,39,60,13
EvE23d1PSbfGWe7EA5HRBQ,776,69,66,73,54,65,66,72,83,71,61,70,26
EveFgxNoHkrs8ncSjkoINA,371,33,44,38,38,32,45,25,31,21,21,33,10
F2L2f-ITjnHlqKRFQVFsVg,253,23,26,31,21,21,24,23,12,21,16,27,8
F8lC8jHCykqPy0h2AJ9lnQ,320,38,25,41,27,22,35,28,26,28,23,19,8
FAiZp6pLY5l9JITMQPASbg,330,23,23,33,32,39,32,26,21,50,36,9,6
FFVAGNz3fQ7Mdsupm5uzMw,243,20,28,32,16,30,25,16,21,20,18,14,3
FI-8LPGkc8D_hwx0l0zyyg,280,40,19,27,26,23,40,28,16,18,18,21,4
FMOWO7_mj8lSZnV3WqpGiA,281,26,26,24,20,24,25,27,29,22,16,33,9
FMnH5WIRLyexBYMBUUnDxQ,417,31,34,48,35,37,35,47,45,26,39,29,11
FNe5PPA9pyj8FjcDefCBpg,3947,273,239,308,314,495,422,413,404,359,297,269,154
FQvmRpNVWrna2oL3x3LAKQ,241,29,35,17,24,19,18,26,17,22,23,5,6
FR6_ikTNUV0Fq7VYmIfeTg,399,34,30,40,35,33,29,30,36,18,45,46,23
FaHADZARwnY4yvlvpnsfGA,8021,715,658,789,727,747,672,705,780,625,654,690,259
FogTa-wmjhVnJCoTiaxvZA,240,15,20,28,33,28,25,17,16,20,16,17,5
Fq3awDRLUB4SZMQyrRjj5A,269,31,23,46,31,28,18,23,22,13,21,11,2
FsCujpVh9Za2Dl5MIYLCxA,715,73,50,78,60,71,55,55,42,69,48,80,34
Fv4EXwV30rwGD2NzN1ekgA,238,32,19,15,16,44,13,18,22,19,18,18,4
FvVSy2r7_zDEhZWqLgjXNQ,476,49,41,51,41,52,35,48,50,36,35,27,11
Fx5haZv9PP3E7Ljp-h7B1Q,211,11,8,18,27,27,15,28,32,18,14,13,0
G-5kEa6E6PD5fkBRuA7k9Q,599,41,53,52,40,48,59,66,60,52,51,55,22
G4hjhtA_wQ-tSOGpgGlDjw,342,21,29,40,35,29,33,43,26,29,27,22,8
G6BwYw_0_atLPTzI1uokIA,1039,101,84,113,102,98,109,125,64,78,84,60,21
G6w_9uzW4o3Oyb3z8oOZyA,3086,427,436,150,108,110,331,307,292,286,249,295,95
G7xS3HiTKHnRhI8cNRGXpA,233,19,15,16,29,18,19,17,21,25,24,25,5
GG9VcABDC1hDFnjVi6q5Fw,280,26,35,26,35,24,12,19,23,18,31,25,6
GHS1rVjO-RMcRB6WJLpCDQ,1008,84,62,75,113,89,94,81,74,91,81,134,30
GI1F8a__wktcfj6YVjTqAA,582,27,42,56,69,55,48,62,54,50,46,59,14
GIhzzb9tjqLCYdNP_k3-dQ,376,42,47,48,53,43,18,10,8,22,45,29,11
GJHaNrLBurhjjUclhzz5VQ,303,16,36,50,42,31,35,20,12,33,23,3,2
GJ_bXUPv672YwNg4TneJog,407,50,25,33,26,37,25,38,39,36,38,42,18
GMrwDXRlAZU2zj5nH6l4vQ,351,30,24,35,33,41,28,32,34,18,24,41,11
GfoCqO0yYiXxTjkyDvSeSw,292,21,33,48,36,27,22,22,27,24,22,10,0
GmdujALb1Nq2RHGr7jhCaA,2843,47,44,62,568,944,646,328,67,43,32,43,19
Gml97gSULiA6HFjie01d3Q,276,17,25,33,37,30,23,27,21,18,19,19,7
GuGQzX2d_Y01sv1RVrZ9yA,424,0,0,0,0,49,59,71,97,35,62,37,14
Gz9SlLqxS6wnxPvgdOQNrA,389,35,42,48,33,31,38,34,37,35,24,23,9
Gzk0BuJ_CLU_TuWn_gSyyQ,975,220,122,81,70,74,60,78,49,66,77,63,15
HCCg-rVnHQ2FI6lHs_LvUQ,216,30,25,26,22,14,25,13,19,16,12,10,4
HGhXbgeMEcg1cIZwxyNDeg,251,25,21,23,17,36,34,26,20,7,17,18,7
HGtJeZ5ifqRwknvsBlB8fQ,240,0,0,0,0,0,0,1,47,67,44,64,17
HUMumae_0P9taTSQTZcpZw,297,27,28,42,21,22,18,21,36,24,29,17,12
HYTqzvqIG9ehLKQWVKCp4w,524,54,38,23,36,47,57,80,64,33,45,34,13
HaNUXh5nYR0r7FrbFJSHXw,203,8,5,11,32,27,21,24,17,14,21,16,7
Hcg-t9QhHvTeSxnvzMtrtw,1739,147,131,97,151,176,196,188,199,168,125,116,45
HhVmDybpU7L50Kb5A0jXTg,469,44,48,41,50,51,45,36,30,31,47,33,13
HhcBx0LSDkxRBKMkvkwSoA,225,17,26,27,21,35,23,21,19,12,4,16,4
HhuxirIJCNsDcIA27QXUVA,418,45,71,75,88,58,43,8,10,7,7,6,0
HiEbnAhTv_EKlqqGWr0vVw,324,30,31,41,34,23,23,27,34,23,31,25,2
HmsCerK_rub0Ulo0aC0f9A,213,19,20,22,29,23,17,14,14,19,18,15,3
Hsn3CYnTsrQ2nJzTKefDQA,296,30,34,28,18,19,23,26,21,29,32,20,16
Hx6HNJfEGgllQ3-dyoNDbA,348,21,32,33,29,24,47,28,30,25,37,35,7
I-5qHCVwT7k_KH67-YOx3A,232,30,20,33,12,23,13,19,17,21,20,19,5
I1gRYCt2exnOMsTr-lEJVA,214,10,13,27,40,20,18,14,23,18,13,12,6
I6EDDi4-Eq_XlFghcDCUhw,448,25,34,46,42,53,31,46,46,36,29,39,21
I6ICIIZfZsp_J9hHmfhWhQ,1071,76,66,70,96,100,111,90,83,99,109,124,47
IB8zLlGraOg9LU7qQVLPyg,603,60,50,58,39,55,56,51,52,55,46,51,30
ICFYlS9nwsoAyaiRXMu9tQ,334,23,24,39,24,52,38,38,42,21,13,17,3
ICWRXA2TXYYoAfLibm7Myw,273,0,0,0,0,0,0,0,0,29,134,89,21
ICdoTODBaprN0UReete9VQ,621,46,36,73,47,59,62,58,67,57,44,58,14
IGs9SsR-ZjhszZuArhttLQ,362,31,44,54,31,44,31,21,42,24,26,14,0
IJUCRd5v-XLkcGrKjb8IfA,229,14,21,17,11,20,17,22,21,40,27,13,6
IMLrj2klosTFvPRLv56cng,290,29,22,27,21,34,25,17,26,26,24,27,12
IS_IWMsFRJii__17LsP1Og,263,21,19,26,10,32,25,20,20,33,28,23,6
IVnGPHdTyu_GbLo9mXj98w,288,30,21,23,34,20,20,26,23,24,24,32,11
IWKtGvVg4hqc9rWHjW8KoA,689,61,65,50,70,60,48,72,66,46,59,68,24
IWN2heYitkg-D4UdqfxcMA,853,69,52,108,71,88,91,83,90,60,53,63,25
IWsrQ4-AtZuFJdYzIztMZw,228,16,19,25,27,25,16,20,19,24,13,22,2
IZivKqtHyz4-ts8KsnvMrA,3829,420,332,332,338,378,307,326,324,327,305,317,123
I_a74zmgR-X03LsKISWPcg,215,14,13,13,21,18,27,22,27,19,14,19,8
Ia1JlEo7UUyZtmqRe1K1Pw,272,38,23,28,25,15,24,13,11,33,30,26,6
IhNASEZ3XnBHmuuVnWdIwA,2473,219,184,256,209,242,202,234,229,229,215,182,72
Ij6Q806LeOvFt3XWVpJ9sg,613,52,33,64,50,67,50,51,70,48,45,62,21
Iq7NqQD-sESu3vr9iEGuTA,632,46,50,71,60,57,60,52,58,58,52,52,16
IsoLzudHC50oJLiEWpwV-w,301,29,24,30,30,30,24,17,26,31,26,31,3
ItqPtxnayraXSlBS0EMOgg,380,46,25,41,40,29,9,33,30,50,29,30,18
IuSx68tb7iZa-aAeknXp8A,479,22,14,16,13,38,89,68,57,45,52,48,17
Iv5uLuPULugH4YG3nyNBcw,289,16,15,15,25,30,25,29,41,44,30,15,4
IzHfj2uahaUaMw9VD0VEEg,202,11,6,7,14,23,21,24,26,29,16,20,5
J07TDs6qnTIaxm48EL1cKQ,281,25,29,34,23,20,14,26,26,21,28,24,11
J2WGpC43MJDKxPRAcWx-tA,421,52,48,36,45,29,41,24,32,35,40,29,10
J3EW9_IQQqkp4nN3q0Mcaw,439,68,53,63,39,54,42,42,32,13,19,14,0
J4jxIxv_vgmWHCajos_B8w,209,2,8,26,25,26,20,20,30,21,23,5,3
J7KlrDFrriWoRkIUVNRPbg,278,10,17,14,14,33,59,38,27,33,15,11,7
JAmQCmczUclNUfZjkNdjQA,661,52,44,85,49,57,60,63,47,52,71,59,22
JBAkpL5KCK2tyomhAL6DHg,213,24,25,11,24,20,10,22,13,27,11,16,10
JCWVuG4B4hvYoRg3EHA88w,975,0,0,0,0,172,171,323,171,65,50,18,5
JDZ6_yycNQFTpUZzLIKHUg,670,92,43,75,51,67,38,71,66,64,50,41,12
JIETwXSEGIHMNyxZVEnNKQ,318,30,23,32,46,46,21,31,17,14,21,28,9
JJAwT9R6Fp2yyWHtWFA8uQ,438,21,18,11,22,15,19,14,27,104,79,68,40
JPW2qpwVg7vS3EvWkGS4rg,292,9,1,8,8,6,31,34,57,31,52,48,7
JPfi__QJAaRzmfh5aOyFEw,1375,111,123,111,112,132,107,138,115,107,131,129,59
JRh14J_be0jl7Wbt412vDA,237,17,11,28,20,25,31,22,18,18,22,14,11
JTl1nXrukJTScI0Uz0x2Fg,224,20,14,24,20,15,41,15,20,15,19,16,5
JWjL6WTeEIdGN0vOGNO9pQ,258,17,20,16,22,34,24,26,7,26,34,21,11
JY9MHa3PdjIYp_D7E4GAIw,202,21,23,25,24,22,25,23,15,6,7,8,3
Ja4stXdNYr39u5CZHMNtjw,297,26,26,32,26,32,20,26,25,19,25,31,9
JkzHSjtQpLdp12gPcErNJA,317,0,0,0,0,0,0,13,100,36,70,69,29
JmI9nslLD7KZqRr__Bg6NQ,5734,493,457,524,546,577,470,473,578,460,470,479,207
JpgVl3d20CMRNjf1DVnzGA,310,20,25,40,33,28,25,25,31,23,22,26,12
Jt28TYWanzKrJYYr0Tf1MQ,232,14,19,17,31,24,21,28,26,12,25,9,6
Jur1iiejUFw_YCkfDfy1gQ,350,36,43,35,23,32,27,27,33,30,24,30,10
JyxHvtj-syke7m9rbza7mA,339,32,28,36,34,28,32,32,33,20,33,23,8
JzOp695tclcNCNMuBl7oxA,607,63,62,81,54,45,58,42,48,44,42,48,20
K-uQkfSUTwu5LIwPB4b_vg,287,21,36,29,22,42,24,27,20,17,20,25,4
K0tJr5ndZdoTDi_1-tkErg,202,28,16,18,16,19,22,19,21,10,16,10,7
K1rAToLggkTvjRz46IU-Tg,220,20,17,15,9,32,28,32,16,13,17,18,3
K2_zfa7cKbg5klHJYqoWnw,221,17,26,20,15,16,24,21,27,24,14,14,3
K4cpZcZVHxc13y0ekvDhFQ,245,13,33,23,20,23,18,14,17,23,17,31,13
K7lWdNUhCbcnEvI0NhGewg,1054,83,82,99,81,91,70,89,103,105,103,109,39
K9ZfCdW2KzvX-OAk33lvYw,336,40,47,53,37,42,45,21,12,11,13,9,6
KAntBJ1ougj5TtbIu0ITBw,291,52,22,15,13,21,24,27,32,34,27,20,4
KBCNCq8Ecc8cdrMLgPM81g,323,18,23,25,34,36,29,30,38,30,30,17,13
KBekuQpryoE5PEOza7-dYA,561,45,192,178,85,34,4,18,0,0,0,5,0
KMjpXsJFNiqE18orsi4stQ,622,37,31,39,31,43,71,67,77,84,79,43,20
KW7gFEaN6SyxwsRRz-4IMg,208,11,23,25,9,19,29,31,30,16,9,5,1
KW9RNyBPmc77f9FsO92qYw,320,22,18,24,21,35,32,38,25,30,29,33,13
Ka00H3EHLLiPNpMj1V4Hcw,307,30,27,41,30,28,35,22,22,21,18,25,8
Kbbm6Vd5UdbP10dwjBghRw,241,27,22,18,24,28,16,18,21,18,20,21,8
Ki8seQY5mtXc36xjoMfeDA,382,34,29,40,40,33,41,47,29,31,20,26,12
KkyapUqFbHMwIXuFVGvbNg,994,116,170,135,134,272,62,33,21,5,21,13,12
KpEgsQz0eCQfL7kfkZ8QeA,284,18,17,49,33,35,20,23,20,18,26,18,7
Kr2EJ05h5BXHlytYBgShGw,230,14,21,22,28,26,16,25,28,14,15,16,5
KwQbwepLHtqHmWkyuD6xUQ,243,22,17,24,20,25,25,28,19,18,16,25,4
L1-1P3acJc4gEFvWwjXcNQ,255,23,25,26,18,33,30,21,26,19,18,13,3
L16ly2UGc9j4qO3Id8Gx3A,363,42,27,33,30,40,25,37,36,29,24,28,12
L2W0QLXIIR5MEmhQwZk-iA,220,14,21,27,14,22,22,22,25,10,20,15,8
L2p0vO3fsS2LC6hhQo3CzA,292,27,26,35,24,28,19,27,22,25,19,22,18
L5y4EN1J6Gs-J4U36oyHxg,210,7,13,29,19,17,22,26,26,21,15,9,6
L6RPVyCzqSmoazqtGhPa9w,1080,112,112,107,109,95,89,101,96,77,79,74,29
LFs5jyYdXlzi0SpAYi1eSA,211,13,26,22,15,24,20,18,12,18,13,19,11
LHrksD6vqQW5PY4lRwJSDQ,653,58,48,76,54,58,56,48,64,49,61,52,29
LIU7IcJtD9VieoIo__wd9Q,259,28,20,20,29,4,28,48,17,18,24,19,4
LNGBEEelQx4zbfWnlc66cw,483,31,38,42,47,65,39,52,42,30,50,37,10
LNsZJP6jZ11e0tDljOLPiQ,375,28,21,34,32,42,27,44,48,39,32,16,12
LR0qF0FEVsCOhYWUOiH26A,379,30,44,27,30,34,33,32,33,23,33,46,14
LRMwXHODOLJcLJoSvxeHFQ,208,38,20,17,12,16,13,17,16,14,18,17,10
LYKkltobuO2JEo8CyJKOxw,259,0,0,0,0,0,20,62,54,41,33,34,15
LYgAf_vpMQU6JqBcTXg-Sw,741,34,38,81,68,64,92,80,73,55,56,71,29
LcbMEHpN5r45I4ZbyxhK0w,299,31,28,21,20,29,32,25,25,25,31,25,7
LelAlfuj5oVRF9CQdWLsNQ,436,46,33,40,48,38,48,30,46,44,29,30,4
LklWSvyLZXN3tEGxT8rIfg,688,80,68,60,53,58,61,63,60,62,59,40,24
Lo-lpCxoP1_T3cvTpp4ZCw,211,24,26,20,23,15,17,16,23,9,16,15,7
LtO6vTBfYzlgWArn3kRe_A,232,17,24,16,27,26,20,27,22,16,12,15,10
Lx3p5OmxGkbaCKq7G7FfPA,328,19,20,27,27,21,18,16,28,42,47,42,21
M0pkmBUi_CI0qrzN7ee80Q,247,18,16,20,23,25,28,13,23,23,33,23,2
M9zu5KTyVwVC-45Mn8Wp0g,215,28,19,24,12,23,19,11,22,12,22,18,5
MBYMEdAI-ZlE-gr61fqs8Q,221,23,34,31,21,24,18,14,16,13,13,13,1
MFzsoiBcZB1NOG1H_0L6oQ,219,6,6,6,18,34,48,32,17,14,12,15,11
MKYcOZSpMwJK7uwacK13EA,201,29,22,24,22,18,19,19,10,17,10,8,3
MQEpDvkdL39hh1N0We3Vaw,495,26,29,39,51,47,57,56,58,37,53,26,16
MQI1rSTE2LGrrsPPgenCrA,750,107,71,79,86,56,50,70,63,57,51,40,20
MQo7D58KbYrHfiMzWuLdtg,662,0,0,14,123,102,104,88,75,49,52,38,17
MU66syW7PEAKbsWCSw8h4A,576,0,93,104,80,59,52,51,38,37,28,20,14
MZdFfPLqkiBClj97lvhtPw,203,0,0,0,0,45,46,33,21,17,14,22,5
MffsS7AXw8DahmQoTaNUGQ,265,17,33,27,25,28,30,21,16,17,29,14,8
MpmFFw0GE_2iRFPdsRpJbA,221,21,17,19,18,14,27,20,23,28,13,16,5
N-pI4Ug_3NZy7_8cf70LlQ,202,15,24,32,19,20,13,15,10,18,16,15,5
N0CoaG3cBrTGm2ecLYSzqA,1305,129,96,102,102,120,105,121,119,113,112,130,56
N0apJkxIem2E8irTBRKnHw,262,25,32,22,14,22,17,16,27,31,25,19,12
N5B7OBTyNGgwU_Y2fwNcyw,750,73,65,72,92,49,61,42,55,74,68,62,37
N5CL5HLS6lyltw-OjjBrOw,216,18,19,15,15,20,17,15,19,23,22,27,6
N7yuiiu8jhQ-Fl9Npflreg,205,27,15,9,21,18,19,18,15,15,24,15,9
N95IG-T9bbR2iNL9_an1SQ,527,59,45,57,49,50,49,36,64,46,36,26,10
NAPuzJcanOp91dE4GXPOow,758,60,59,98,80,94,66,50,63,71,50,58,9
NCFwm2-TDb-oBQ2medmYDg,348,35,16,31,46,35,35,34,32,24,25,27,8
NFm869_w6cvVaWaNpAzjeA,293,11,32,27,16,22,49,28,38,25,16,21,8
NI3xvN6p0qhvUkKirbKokA,283,17,28,33,24,19,32,28,26,21,19,27,9
NINXtsdhMcT2kCAI52ZPQQ,240,32,24,19,25,18,22,17,15,16,13,27,12
NIOwzgujIXKVBEVNTQBXpg,392,47,48,35,30,30,41,31,39,30,23,27,11
NJ8zL1tXR29LUng6T_CKPw,234,21,18,23,20,28,21,20,24,28,21,6,4
NKh691Q7BZZ2r0f2RJxdsg,841,0,57,123,135,114,83,81,65,48,52,75,8
NQXuoB9JTPUItHvouMgWjQ,527,61,50,54,50,57,44,52,40,40,49,19,11
NQhPS0MUKJgBUB6PTLlmzA,399,44,37,21,46,61,31,32,35,29,17,33,13
NXT94mdw1KWadc3q0u0KYg,520,44,35,40,51,37,60,57,49,49,35,42,21
NY80DkkCfEl198JmwtO4pA,424,59,46,33,42,39,39,30,39,25,25,38,9
NYoSzQnJX2vBOT2278UcMA,316,26,22,23,27,31,35,27,27,29,27,35,7
NblDoJBEwhkJyvAuxzh4rg,211,47,15,21,17,16,12,16,11,16,15,19,6
NgDyxaeItFSInv7J5paGLQ,229,27,27,23,20,14,17,19,13,19,21,18,11
NjDC1Evc2Wa6ykj8xVpoUw,347,34,20,37,41,46,47,44,11,19,28,15,5
Noi53T0PWNEN9mQRS3-Ncg,212,22,18,20,36,27,17,9,16,16,19,9,3
NqOIzr1FEzTIhJm7Ign0yQ,216,0,0,0,0,0,25,46,28,59,25,25,8
NtiBsNppXU0XS4zM89dphQ,242,26,15,9,13,14,10,14,37,42,21,37,4
NvKNe9DnQavC9GstglcBJQ,388,55,42,56,35,29,28,29,31,19,31,25,8
Nzk07R8GUXtfzkmqikhCCA,398,29,37,36,37,35,33,35,32,35,40,35,14
O3OH5IEFMPtz7mPKakPZ3Q,299,28,23,34,21,22,30,31,23,26,33,23,5
O3lQvyOADBs7f2W8A5D0Yg,201,12,21,9,3,3,8,34,29,19,26,23,14
OETh78qcgDltvHULowwhJg,388,33,46,34,27,34,32,52,20,21,38,33,18
ONqzAgPXmppfrnotY0OD8g,385,40,42,52,43,31,26,49,27,26,20,21,8
OOHlm2lbVgPHhSe98YW3yA,490,44,29,48,50,40,50,46,35,60,38,38,12
OPcGFLP_mRt9yvgP3ALXOQ,376,33,30,32,33,35,31,39,41,27,32,32,11
OQ07L9gq0IbWalsJpiBmWg,2149,175,140,169,245,204,258,228,195,158,158,131,88
OQ_2_JzEqJrjG5z93cEqmQ,396,1,6,15,23,64,73,85,74,42,8,5,0
OYle0xyj_qYZUPCrWfUu_A,264,27,23,27,25,26,29,29,26,12,16,16,8
OYwExM0NGUjyPos0NLjLug,359,35,29,40,42,24,39,35,32,15,21,34,13
OaksCsORs2tUGxSJWhydJg,303,26,23,37,27,23,27,33,25,21,23,28,10
OgJ0KxwJcJ9R5bUK0ixCbg,445,38,43,48,40,34,23,45,41,44,39,34,16
Oj_4oKK1DD6hID4Ne8Jcig,230,0,0,17,27,22,29,30,47,17,17,16,8
OtSbxxD-WNzlNQlDGpXFSA,566,57,59,65,48,37,48,57,51,43,39,49,13
P-7rbr91J9WkcxTPYMi6iA,231,21,24,38,41,35,20,29,5,4,3,5,6
P0-zxLhfe9iOgidDG2_O8A,431,0,0,0,196,130,15,17,22,22,8,17,4
P2GBKrx7dJg3xeGtuU2K-A,259,23,24,26,21,23,30,23,24,8,22,26,9
P2dFr-Jg1OUoNMikaCmLEQ,210,18,17,21,28,12,20,13,20,10,18,24,9
P3xSYeiJFkbdBwpnEncPTg,1714,0,0,0,177,351,330,194,175,149,129,144,65
P7pxQFqr7yBKMMI2J51udw,671,86,59,60,62,58,77,64,47,47,37,54,20
P9KhwXBuHkJEif6TTJsGuQ,253,33,28,30,26,22,28,17,22,20,13,13,1
PEnlf5CJ8JJonph2jIljCg,248,22,32,22,12,17,26,23,28,23,18,20,5
PFZttUCEfHHjNnM-qzWQEQ,421,40,35,41,27,32,47,36,41,45,32,33,12
PJ8VJqsTdJno0beARzaTrQ,215,15,20,22,36,23,22,14,19,13,10,16,5
PJerxJc0SN9h6hXlqSQc5w,366,46,33,51,34,39,32,24,26,16,34,24,7
PTtBAaY1GgH929EjdlYLiA,255,25,14,16,17,30,35,35,13,17,25,17,11
PWJwBgfe1eNt4A2oCTtHyw,435,43,47,26,97,48,30,23,19,34,31,23,14
PXShA3JZMXr2mEH3on5clw,1204,136,85,143,96,110,87,119,91,87,101,122,27
PglC8rgguMIlT621p1BLdQ,462,41,46,44,36,40,43,42,34,39,31,55,11
Ph02ztlom5e4IJkty2bWpg,276,23,24,40,30,27,21,20,27,19,16,26,3
PhMfnMldVKXo7HqHw6DSrg,1053,84,88,58,76,77,132,135,133,118,60,72,20
PkqN5st3zZ_Xce_5QlBtNQ,308,19,26,29,30,25,23,34,37,20,31,25,9
Pob7ibbNT29--69nxXEP2g,546,47,52,47,42,33,50,39,41,41,55,65,34
PtwW1Hwme8Y0wy54zNr8Xw,581,47,56,43,53,58,58,50,57,64,49,31,15
PxNi4gXXC0XpCT9dC0eJVQ,211,7,16,32,27,21,21,7,25,11,11,27,6
Q0EZmATxDphzRMszNV2LVg,202,27,17,18,23,25,14,13,16,15,15,14,5
QCCVxVRt1amqv0AaEWSKkg,412,37,37,37,48,31,32,25,33,34,44,38,16
QJatAcxYgK1Zp9BRZMAx7g,791,77,69,77,78,88,62,80,71,58,51,55,25
QXV3L_QFGj8r6nWX2kS2hA,9893,728,755,890,836,1113,905,979,990,838,691,861,307
QZgtObG3H57Ev5FnjoGjFg,500,45,24,5,8,29,87,74,57,52,52,47,20
Qc0l8rZ3nvrcERitgxu8XA,254,30,27,27,26,18,24,13,27,16,12,22,12
QdXg79fKbFLEPePPnL02Fw,315,28,22,29,32,34,34,36,26,33,14,19,8
QlJztL2aGEXgejgi5JM9Xg,203,10,23,26,19,26,25,12,10,9,19,15,9
QleWAHOsujz6qmvi4mxsyg,459,103,125,88,117,0,0,4,7,5,5,2,3
Qv5Po5VWISA7QzNWsx_zig,353,35,37,33,31,31,16,32,33,34,30,29,12
QvxBnMcBPP1z_NAIYCqqdA,420,29,32,49,34,55,41,33,35,47,31,28,6
QwV5P0M3R4ANjOOfGWVYqg,216,5,3,4,8,31,40,38,39,14,18,11,5
QwxtJF1Dw9hEGdGQciD9Ng,372,63,40,30,29,43,16,41,33,25,22,19,11
R2MnmpNArp9vG_Uio_7qXQ,367,0,0,1,34,45,67,59,55,40,33,23,10
R3Px9TqrfdUB2YzkBmR4Wg,252,54,32,26,19,25,14,19,10,14,13,19,7
RAh9WCQAuocM7hYM5_6tnw,292,25,14,35,32,33,24,31,23,30,21,19,5
RESDUcs7fIiihp38-d6_6g,16216,187,187,169,147,171,164,191,471,4267,4368,4350,1544
RHruCsEnWgOhXxgv5xNvEQ,208,34,32,8,9,8,16,10,17,23,9,26,16
RJNAeNA-209sctUO0dmwuA,260,19,21,19,21,21,30,27,28,31,23,11,9
RM6w2WmYtp92vbZw5oPcZQ,280,17,16,19,19,27,25,34,31,30,25,26,11
RSPEJeFTKs1BsiVgjHp1WQ,257,29,20,17,32,22,32,22,14,13,23,23,10
RVQE2Z2uky4c0-njFQO66g,299,17,33,30,20,20,36,37,30,27,21,20,8
RVTxiiWQwmeSJonJgYwwWg,208,16,17,14,23,16,19,17,15,19,25,23,4
R_ZlcX46pPdjhjmfd043LA,242,26,24,30,20,13,16,17,20,25,23,17,11
R_fQGSUQv0L_fRiuua47dw,448,43,40,29,35,35,28,37,54,51,48,36,12
RdSYqIwDUWLFU4-sdF3JNw,759,54,91,112,79,117,49,45,51,34,58,62,7
RhEvP5flF6KoPriMHmVYGg,1013,87,66,111,102,81,88,102,97,86,69,92,32
RixnVQV24bc3p92mSntaVA,306,28,31,30,24,26,30,25,37,31,18,22,4
Rj-7ymdw8aNZBRqGRAjR3Q,203,15,16,27,23,17,20,13,14,16,17,20,5
RrCgc8eAKbHu-2IpQXg6Rw,223,16,13,27,26,26,25,17,22,22,10,16,3
RtDEwPI69XidCCklUtSLQA,520,74,52,57,41,46,28,38,41,37,51,40,15
RtnTbhWYw4QjKhoTBV37OA,260,31,24,38,26,12,26,22,17,20,15,21,8
Rv0UdhYw_UVIv4D2lc-qgg,281,30,17,20,13,35,31,29,18,21,24,28,15
RwMLuOkImBIqqYj4SSKSPg,1198,93,85,90,100,125,99,135,123,107,102,102,37
RwlumSqNBunw1a1LXccN8A,271,17,23,30,28,25,30,23,29,19,23,23,1
RypJ1Rhq7Y8GFdP5UFbzUg,545,32,41,50,54,48,37,40,52,61,61,47,22
S-egzF2c7bRpCUNbZqV8dg,888,49,58,73,81,79,74,91,94,108,86,76,19
S-oLPRdhlyL5HAknBKTUcQ,326,31,23,35,25,25,29,24,31,20,42,28,13
S3gVMHlrQoJPzM984vCeBg,293,32,21,35,28,25,25,31,32,22,24,12,6
S6-79_n2V3Os5duiDmYOFA,724,0,0,0,0,0,0,0,17,252,175,250,30
SAIrNOB4PtDA4gziNCucwg,362,25,36,23,36,29,34,28,45,27,36,34,9
SDtIdchX9WpKlH5Yst8kjQ,329,25,20,36,25,28,47,33,42,25,24,17,7
SJo_IjvzdRtCvZVN0cbrRQ,284,25,27,37,21,29,28,29,26,24,18,13,7
SMPbvZLSMMb7KU76YNYMGg,1369,163,126,116,108,119,135,141,104,96,96,111,54
SPDEoJHYJ80vihu0UhGKfQ,566,67,37,50,43,52,49,44,45,62,56,43,18
SQZ7pssVk8esHqAHgAIAnA,351,0,0,0,0,0,0,0,47,98,99,73,34
SSCH4Z2gw-hh2KZy7aH4qw,288,30,44,34,23,33,27,28,18,16,11,19,5
SU6DscrONGa2tOB2th7RJA,209,19,19,24,19,11,20,18,28,17,10,14,10
SVGApDPNdpFlEjwRQThCxA,834,90,98,82,85,80,65,78,75,56,53,48,24
SWZ7Gv80ozoYy4DWKCw48g,236,3,6,31,32,39,20,21,19,25,19,17,4
S_5VQYMMa4aD3NzgYLkvhg,253,26,24,27,20,21,21,31,26,17,22,13,5
S_bG5WWbtNXhhY9Y0GTcSg,226,15,11,25,21,33,17,12,25,25,20,18,4
SeNOJ2zYHziptxLuiRINLg,305,20,39,30,22,27,33,23,25,21,18,39,8
Sg2l7S_huzkRLmk2NoeuSg,243,22,22,17,22,23,35,16,19,30,19,10,8
SkG_g2OXQENIojm0Gz6YJg,252,17,15,25,21,4,20,43,18,28,22,27,12
SkSkWld_ijmWVEDo9_ztKw,349,27,27,35,29,36,28,29,32,32,40,24,10
SuugmVDsQ8YhfdOJYSuSmw,207,19,16,21,14,18,22,24,24,9,14,22,4
Sy75QB18Sv-xNp8FoA8KvQ,224,14,28,39,20,16,21,29,22,11,18,5,1
SzzrUeJGnl_LQAJXMK8wQw,305,36,30,23,18,32,16,23,28,21,38,26,14
T-xnbRI5waBsqukYLed82A,956,20,30,83,135,98,82,72,91,80,105,125,35
T1tvWywCdTv8YiK-r_roLw,319,38,29,45,27,38,22,30,33,18,20,14,5
T5kG7e63YFDrNxEfNKBV_Q,376,66,26,54,41,14,51,14,19,26,6,46,13
TCoBE_BkDRrK0bWrh5VueQ,354,40,34,29,35,20,29,40,39,28,25,27,8
TEpHybMZew9kKadvseEbEQ,201,25,25,18,17,22,24,20,9,11,11,14,5
TKp9PDs8jFbshfg6xOcM6A,392,6,16,37,61,54,27,16,13,12,38,82,30
TM3UY0fCq0CQbuskoq0OWQ,376,53,24,44,61,39,23,17,7,12,44,34,18
TTglnKh_kURiH1RUasNq1A,752,75,65,61,69,61,71,71,63,62,61,63,30
T_YWS3Rp7-iu69VS5jcQPg,414,36,39,43,43,36,13,37,57,30,44,31,5
TbIVXylgp6UsfSPI9PYddA,632,0,0,0,70,109,91,85,74,57,61,66,19
Tgc2dTcE1xOey2OUt_PvXA,261,20,27,23,27,22,30,27,25,25,18,12,5
ThNGovQZjZ5mn-ZwX_N2BQ,587,61,54,57,46,46,54,67,54,46,27,55,20
TmIucPRTngutrjDpC0nXgQ,546,35,30,67,43,47,57,63,57,43,43,48,13
Trbt0Ex85yvwT8DHoEFCvg,397,32,20,31,40,37,46,34,39,29,32,41,16
Tw3miGKZHtmxmaQZIYFRrA,262,33,24,33,29,23,20,31,18,18,15,14,4
TyuFl3J4fUDB573AHu5uBQ,301,0,0,0,0,0,0,2,56,83,99,51,10
U1VRdnJgCSOujL7vnGwKxw,209,15,21,24,24,19,14,14,22,18,17,14,7
U727bIditAsUdRSWvJ9n6g,215,5,4,13,40,33,25,34,24,10,8,15,4
UB-xdWV_RpIQ9VfVB3WUTA,234,13,17,26,19,26,18,18,17,24,20,22,14
UMqfeCItzQ2glr4d9apGlA,421,40,33,39,43,37,31,47,32,39,40,31,9
UPIYuRaZvknINOd1w8kqRQ,551,47,46,67,31,66,44,45,58,43,38,49,17
URwhWyzVmQLobOXDql43Dg,222,18,5,21,3,3,5,8,39,46,20,18,36
UTXNr62dGSK-tet8OeXUcQ,308,33,27,37,30,23,29,18,26,28,17,28,12
UYh1N1xQhOh-a7nX92xPzQ,229,15,20,26,19,26,16,12,25,22,22,17,9
UidEFF1WpnU4duev4fjPlQ,295,35,26,29,18,18,22,29,18,24,22,41,13
UtpjmeDBYka-URKBHy4a_w,455,0,0,0,0,0,0,0,0,0,14,254,187
Uxm9N6jwmJybOv1NcBbnRw,799,67,51,52,90,99,84,110,74,61,54,46,11
V-aCFCkkRyakP6SeIfG9-A,610,76,57,44,43,66,77,53,46,42,46,47,13
V2oe1HVgNK0He9Mf3Q17AA,219,21,18,28,23,17,13,17,19,17,16,22,8
V6THXtSVkbx4g103_3vXmA,216,25,12,10,19,18,22,17,15,31,19,25,3
V96iWEiPOMLOSQgO4x2rfQ,308,37,27,24,24,36,30,24,29,25,13,29,10
VLDFjeqpUgWhnVuB_8GuEg,307,38,28,33,22,34,21,24,22,24,31,23,7
VT9VcNegXrl-BLDCjWH3fQ,457,14,26,59,45,56,54,30,42,40,44,36,11
Vbal-AZnu2w6NttIKfdjDg,336,34,32,25,23,30,32,35,35,24,31,25,10
VsewHMsfj1Mgsl2i_hio7w,357,32,25,40,31,34,34,37,36,28,17,28,15
VtLsCmups-UOkkPRBe62Fw,246,15,19,27,19,19,27,22,26,17,23,26,6
Vu641FmSuZcUBI8PymYRIg,311,41,26,67,13,15,19,7,10,20,22,46,25
VvF0lhuy46UMPb-R4gksMA,232,8,11,60,88,26,7,2,4,13,4,7,2
VwwOBldGAc1xmVeIUKj3Wg,264,20,14,30,26,23,22,25,20,28,24,21,11
VxCnyVYn-FFgv6F1EqbdKA,282,32,14,47,18,13,21,19,29,21,30,29,9
VyVIneSU7XAWgMBllI6LnQ,873,98,103,111,83,72,85,60,71,52,63,59,16
VyjyHoBg3KC5BSFRlD0ZPQ,1691,162,144,143,140,173,161,126,144,146,125,153,74
W035pMPJuocijd0BLfHaiw,219,21,16,24,25,14,13,13,26,18,28,16,5
W2CzAePJakvARgoQuohbOA,237,16,21,36,19,20,15,12,15,18,24,29,12
W8apgXmOxESpoL_EeogC5w,258,39,20,29,17,24,20,18,15,28,20,17,11
WHiND6UPxr6WzgGhz2E91Q,462,32,45,59,31,58,50,35,36,36,28,33,19
WI4_e2nbKHH-g-5TZ2SvpA,738,72,55,82,56,49,69,62,81,67,64,58,23
WRQ-9LluyivReFiQZFUujw,290,24,18,18,41,22,33,25,27,19,25,34,4
WX8cx6tfFcEn0cK4cIbWag,370,31,47,34,29,21,31,24,53,31,27,34,8
WYw3Uf56DT5IwpaLNnCH5Q,422,33,33,43,50,31,35,35,34,29,39,48,12
WbEwI-AJC9epye59Lq0iJg,302,17,28,16,22,35,40,47,22,20,22,21,12
WbJ1LRQdOuYYlRLyTkuuxw,650,54,42,61,30,44,53,112,94,46,38,62,14
We16v_WgJei5cedG50OLTQ,340,24,34,28,23,32,28,34,41,26,20,38,12
Wg9PobIsIgH8pn4kjZM-5Q,901,84,76,91,88,62,63,78,88,94,82,59,36
Whdb9vtUaeto9UdVrs1Taw,415,0,19,96,54,46,28,20,34,37,32,36,13
Wone4SY2BQ6di_XnW7KW6w,313,29,30,26,43,28,34,17,29,21,19,28,9
Wxxvi3LZbHNIDwJ-ZimtnA,1597,167,144,170,141,121,148,134,102,120,114,151,85
X-8PBiSJXKQblMOcWFthcQ,932,124,84,109,71,66,84,83,79,76,50,82,24
X-b4-QvZLENnf3yFwhpSXQ,254,0,0,1,30,35,41,52,43,47,2,1,2
X1zdsS1YWnWdW0y_rWvxcw,356,0,0,0,0,0,8,62,89,77,71,45,4
X4QbkHl7pOTVsgLa7XuUBg,507,48,43,49,37,49,47,42,50,45,39,44,14
X8c23dur0ll2D9XTu-I8Qg,259,18,29,22,18,22,20,26,33,34,14,16,7
X91rjC4EkH_3ZGY3ciIs8Q,276,23,29,19,26,38,27,27,34,17,18,11,7
XMMLRvV4IMxIGyc4H37LxA,234,21,20,29,18,12,22,20,31,18,8,29,6
XO2hZb0xC8jTexSHG4SxFg,741,50,59,50,42,71,73,69,67,101,81,61,17
XQETjKH84gxDrAiz2lH7Wg,650,60,59,60,63,63,46,68,41,54,56,56,24
XQJr9_jZR1vOoZVcZfDDwQ,372,31,28,31,34,29,33,47,33,23,27,43,13
XQm5LDv3M9d4zDtKRO_8iQ,595,62,47,48,58,52,55,48,44,55,47,54,25
XWxYHSld0T2TfANwt1KmqA,297,23,23,35,22,22,34,46,23,16,20,26,7
XXW_OFaYQkkGOGniujZFHg,706,82,65,75,71,54,56,60,62,56,49,54,22
XZbuPXdyA0ZtTu3AzqtQhg,337,31,27,47,23,28,35,33,25,22,25,30,11
XZbwH1uNAE2HAkfWmevgog,256,22,17,21,23,33,22,25,18,25,24,16,10
XdN243vaRNgXXp44U4G_ng,241,32,19,24,16,20,27,22,26,15,18,18,4
Xg5qEQiB-7L6kGJ5F4K3bQ,309,33,41,29,28,35,25,18,38,14,24,17,7
Xj7DIGRHEchJ-VVdISazQQ,319,27,28,38,28,29,39,22,22,29,21,21,15
XsSgv3vBOyOBXn3Co8EVIg,715,50,49,75,48,67,71,67,77,69,63,59,20
XwJ6fZRVbxQYRsryy4-qDw,367,25,35,39,44,49,35,33,27,26,27,23,4
XwQ6lQro2FKvtD0YAUeOAA,510,39,54,54,45,44,45,27,49,42,52,44,15
XxvyLuorygB8u0XBIDwKjQ,492,59,48,60,60,51,50,36,50,18,18,30,12
Y-S2LhHefBdnX8VP5Bh_JA,291,22,21,17,19,34,31,28,17,25,24,34,19
Y6q0K1fJa0Hy1AK3y9BzIg,304,18,23,22,29,33,44,37,28,17,25,22,6
YAgoRzc92vC3cHc-RrlSSA,255,5,1,14,24,22,23,39,27,45,28,19,8
YBIhTjmEH3IEZW4Dr5ReRA,282,34,25,32,23,19,29,22,22,25,18,21,12
YBLVD61RFdP5H-RGLSIPUw,908,108,71,96,70,88,82,82,100,64,71,53,23
YF4QJ_j-PM7cMZja6K1MwQ,212,0,0,18,19,21,37,38,47,21,6,4,1
YILyHegzhy1vlc_LNVfObw,507,41,44,43,45,43,47,45,76,32,39,40,12
YJ8ljUhLsz6CtT_2ORNFmg,2025,151,178,182,143,209,189,188,224,160,163,196,42
YM4nM68YTzru8Hj_c5SvHA,217,26,26,21,22,20,29,9,16,24,10,12,2
YPavuOh2XsnRbLfl0DH2lQ,350,21,43,37,36,36,27,34,25,26,25,27,13
YRyYbOSwvHkZsZOLv98oQg,235,19,16,29,20,22,20,12,11,19,38,21,8
YSYDJTCt5kzY2kKnLNGRiA,463,29,48,58,43,66,41,33,45,32,30,25,13
YTCCJ3ShO-zg0dlx1nk6dw,317,31,38,25,25,33,17,38,25,28,26,20,11
YeECyPbDJLTnr1Bm5Pw3EA,352,63,37,45,24,24,34,24,32,22,22,14,11
Yf8PiUFYTgeN-NVSgrntPQ,221,12,19,26,23,17,15,17,25,17,21,20,9
YgVC9NdMji-VV05w7-E1DQ,534,16,7,17,77,70,94,55,101,89,4,3,1
Yl05MqCs9xRzrJFkGWLpgA,831,67,54,130,92,83,89,77,60,50,59,55,15
Yo8ODT7aFMM2xKUd1yaBVw,236,17,23,35,34,20,11,16,29,25,14,7,5
YpePlG2UW_mf-zhFaCgubA,209,12,8,21,15,18,12,27,17,24,16,32,7
Ytd4zp7UmTTdfwlGUje__A,416,42,21,43,46,54,45,47,42,24,23,23,6
YuhAHVsstmDENWuZM30tMA,792,65,57,74,89,75,74,57,84,45,67,67,38
YzlgswAwmpkMQifS3-YQTw,399,41,33,38,46,31,27,35,37,37,25,34,15
YzuWj3u9BZRpxNmd1Cv3QA,263,23,34,15,33,26,19,20,18,23,12,26,14
Z0YOHYA6YtW131xULbnMzQ,463,44,25,32,42,40,50,45,50,41,46,41,7
ZAuAwz1ijuydn5yL3q3rzA,554,66,52,64,47,51,58,51,35,31,31,47,21
ZCzey5aPhd7jYIoHsUfjmQ,1223,73,97,100,99,95,137,113,95,119,127,122,46
ZG8PZgaMKhdJUpNxkc9Diw,648,47,62,62,61,49,69,64,73,68,34,47,12
ZQ-4bR5AJfzQQk31-KQ36A,306,0,0,51,43,48,16,20,29,32,20,35,12
ZjKpGYdQCQPxzkYWAsV56w,238,26,35,29,19,24,17,15,17,17,19,16,4
ZjSzUWHtnpCfjsa7CksSOg,251,19,29,23,25,9,34,26,13,14,29,23,7
ZkGDCVKSdf8m76cnnalL-A,228,22,23,13,14,24,26,21,18,11,20,26,10
ZrFqa9sUaF_X8wbNz29Qbw,242,20,24,24,18,16,23,19,25,20,23,21,9
ZrS5rhJ4OvXQG_38wPEWlA,276,24,22,32,23,27,19,39,30,21,24,12,3
ZyOuwa3Eau6dbUiEPwsUoA,1432,16,15,12,10,30,116,321,267,189,185,208,63
_0x7W6fizaPP76xNBxBLAQ,580,45,56,59,56,72,54,54,55,53,36,26,14
_3olhuCXhoqjy4M2rBp1YA,545,64,50,48,68,45,61,47,57,26,37,32,10
_Ad2ZKhUl-krJFpaZ1FI8g,2926,99,89,89,656,703,689,288,75,70,64,73,31
_GdzDB3SU9Ni7mAOQehIXQ,212,0,0,0,0,0,0,0,0,0,0,212,0
_JZ7hXqOZ_MngjPWFgER0w,216,23,15,13,16,29,15,24,16,19,20,16,10
_M0JL-xb1IJucN7dQi7IPQ,916,208,58,123,59,149,76,43,59,45,32,64,0
_PcRyvbZmVQvlS5uORDGVA,266,10,20,28,28,26,25,32,46,16,22,10,3
_QmUKLiLynDktbtwV_vQXw,1515,109,129,125,107,97,83,95,143,142,185,209,91
_XN-GwzZwAyIqLKJsl2htg,456,43,35,38,36,42,57,40,39,38,27,44,17
_Xzz-PChcdJ1862CK6dRyw,305,33,28,44,38,41,34,17,24,13,19,13,1
_e5KDltp_0XNkylTYR1V2w,285,32,30,24,20,24,25,28,25,22,24,23,8
_iEl9sCLsvXEFHUWPvgsAg,239,20,34,26,22,13,17,10,17,23,23,22,12
_j2EtQtgLuXGRBfbM5YwZA,260,24,23,18,21,21,20,24,27,29,10,35,8
_kCjd-nD4lNXL2oGn-JhZA,241,26,30,28,26,19,24,17,24,14,15,12,6
_n0B8mRTWP6ZfX8npDGEqw,1025,0,0,0,0,0,0,0,59,212,280,389,85
_xAJZOKBMPOe47p1MphB2w,258,15,16,17,18,24,22,41,27,40,13,22,3
_zgO9FfigbH4qDRVsHoIAA,566,0,0,0,6,303,240,6,2,2,5,2,0
a0v7Si0DK4cIko7AQY4YXg,1095,110,93,87,73,92,101,98,112,100,99,96,34
a1Pf4wSob48LKqimWzmyGw,342,33,36,38,23,36,23,26,24,42,27,29,5
a4L-Fy0agN3RNM7O49bIHA,240,22,30,21,15,22,22,19,33,20,15,17,4
a7w1N9TULg95lnc3HLY0qg,259,0,5,77,66,35,31,23,12,9,1,0,0
a9k9MQrr5KFyMD7_Lnwrhw,1184,119,90,125,119,89,104,98,108,99,98,92,43
aAYuuyFcYKv_J_d4GjGNcA,386,0,0,0,0,44,58,62,44,55,46,50,27
aD0EslPREWGDlSpD0RMlEg,306,36,21,32,23,29,18,27,40,25,24,23,8
aIEfjonMB3daXlPDYTaucA,227,23,24,28,21,23,25,18,17,17,13,12,6
aRngE8bFUhtHs3INz_QMmA,548,54,40,54,53,50,52,47,54,37,39,52,16
aUCJt0FluWAxkOd8s7TkWQ,205,17,11,20,17,17,18,23,31,16,7,19,9
agGJSdMTRrkA6VrYMbC-SQ,528,31,43,34,34,42,57,57,60,61,44,42,23
ahSFUPojs9X3-1jP-QPb-w,261,21,15,33,21,18,31,18,16,20,16,35,17
aiX_WP7NKPTdF9CfI-M-wg,507,62,47,67,46,52,41,27,36,32,38,43,16
ajoqEHnCZTD8-8GqGLq9-Q,932,78,50,71,67,88,83,93,94,82,98,96,32
amMfQ5xzAbDzjO8I0xK3og,207,31,25,40,25,29,25,9,7,7,4,5,0
amNromvj2O7OAYYrlDEUcQ,302,22,26,32,28,29,22,29,30,24,29,22,9
aqMfCbFNeWn1a4Evds83fg,238,20,21,36,29,17,18,21,14,20,22,16,4
atL7NwXDnhOknV-mmQR3Mg,298,0,0,3,52,60,55,43,53,20,9,3,0
auTNigMttjBBTj1MNxOeFQ,226,29,15,17,19,19,32,15,30,18,11,14,7
awI4hHMfa7H0Xf0-ChU5hg,759,65,63,60,73,72,57,81,65,65,58,74,26
ayOJSIl-P16HZAQBcQfUyQ,401,34,27,33,50,29,40,33,29,39,35,40,12
b-RSw4G3HJvGfwvRLzuLPw,269,19,25,27,26,20,19,26,31,17,26,27,6
b0y8ZQ77O1rNhuuQZ9jPig,291,15,21,30,30,37,18,29,23,28,25,27,8
bAMX1SCQyv09oYOtEYKVjw,206,0,0,4,39,31,20,23,25,22,18,20,4
bCh7vrbbxSKx0mtZnOvQoQ,254,22,9,18,22,25,34,24,32,23,21,16,8
bFaFb7wu7swOp5qD8lNMog,412,36,39,49,24,44,23,34,43,39,28,43,10
bI9_dtXS9qN0Gmi7YbRm5g,280,16,27,32,32,21,21,31,24,29,21,22,4
bKKVa2WXYnMTtiUPd3sV7Q,248,17,20,34,19,29,21,28,25,19,15,16,5
bMIVYOyr0pOYHUDNsmSDwg,381,37,34,63,29,33,43,34,32,22,19,27,8
bQTNlBX5tKtJ-t9WpMw0yQ,256,32,23,24,24,21,25,22,13,17,26,24,5
bRR4gsjHv0F_RnRGjQBqlg,475,36,28,48,62,50,52,55,42,46,25,21,10
bVyUa0O4U-c4b3b3U7ojoA,247,30,25,26,17,19,20,16,28,20,18,18,10
bZs7FJ7fHIJxVecfp1qvug,312,37,30,22,20,40,23,29,26,25,28,22,10
beuVp5CZxCdNvQIIPBS2rw,442,57,37,31,28,42,25,36,36,38,39,57,16
bjJcDCx5uMUr89nxBdGizw,250,21,21,28,21,17,22,24,24,24,15,26,7
bpRo8L8dkhgbJhdIKa9mwA,250,18,22,24,20,17,24,15,20,23,34,24,9
bs0PLtVoePk0UFwEWOCH5A,212,24,18,32,17,13,32,12,20,11,8,18,7
bsrj9_hFAql3dlSf244zpg,390,21,29,36,32,37,49,39,43,29,32,32,11
bvow46stEejfxnnqEKTAyQ,287,25,24,16,29,18,20,28,25,18,15,45,24
byWNAuUrvmGTLkbJpXe4iA,250,20,17,14,16,32,54,21,26,17,14,15,4
c-XrdIR2Ubxp2uo7lvtkLg,343,47,26,32,40,28,30,39,38,29,14,15,5
c06xDgPtZDKsI-w0Z_eujg,940,80,101,103,81,72,102,84,96,60,64,72,25
c8_KYRnm6UgoasyTemhX1w,231,4,8,6,7,18,44,44,63,14,11,8,4
cA3758wmDHz5nK05WY98dg,212,24,20,23,22,16,21,13,14,23,7,17,12
cHdJXLlKNWixBXpDwEGb_A,225,26,28,20,18,20,19,15,17,11,26,19,6
cJWbbvGmyhFiBpG_5hf5LA,928,104,66,92,90,67,70,57,82,91,81,75,53
cMAv53bpH7b32IYgQwCXLA,621,55,64,88,73,90,90,60,52,17,16,14,2
cMHEWGbGdGy1WkThoh6oXA,351,52,48,42,17,38,29,23,20,15,32,24,11
cRBIvRyynPBjDi2y49PV6g,304,8,4,18,32,21,15,42,41,39,30,40,14
cTJjTKz2huGZ-ElScC2pSw,312,42,27,43,33,26,25,18,34,30,15,15,4
cTPdZ9Va0HCLESf5gNnXwA,513,32,45,43,43,31,46,59,65,54,32,57,6
cTZmf7B-4yciMc1WKiCVOA,219,20,24,33,17,16,22,13,17,16,26,10,5
cWPTOM_o5toaXpq0gNxD7Q,212,8,14,19,17,25,21,26,28,14,23,16,1
cYlBEKmLkVXFtGWmtB4G4A,454,0,0,0,0,15,58,80,122,77,41,53,8
caKRXynM5bY922pGtQhvfQ,238,67,70,17,13,19,6,6,11,8,8,7,6
ccGIAOl08zHt2lcn_UxPfw,377,21,27,32,31,32,33,39,33,47,43,21,18
cePE3rCuUOVSCCAHSjWxoQ,746,35,44,56,60,81,73,103,70,67,76,58,23
ckbDWYPT8TP7etP0WHU2Yg,369,29,35,28,30,39,31,30,27,39,50,24,7
cn6Lguvd8T2pWq4-WNLHpQ,246,26,24,14,17,23,23,23,18,18,27,25,8
cr84hpeFeas6N6VGV7Iu3A,226,16,13,22,19,22,22,24,16,20,22,23,7
crstB-H5rOfbXhV8pX0e6g,222,14,11,17,21,20,21,21,26,26,20,21,4
cxlxJpw_vTzw7bXJq6Dbsg,419,31,60,36,67,43,42,17,34,17,29,29,14
cydcL6db_BPfT1T9uKO7vA,221,17,20,20,18,21,21,28,15,21,17,17,6
cykzJbkgweJvZsvkrHMR7g,228,28,22,19,21,32,24,19,16,15,15,15,2
d10IxZPirVJlOSpdRZJczA,265,33,19,25,27,38,19,23,17,27,13,14,10
d5iYEeESOPLjr7cugpJVuw,383,3,14,29,25,32,52,57,52,31,40,34,14
d8QdPn1vD8C7n5RORyk9nA,3315,324,268,310,300,302,267,284,309,300,282,252,117
d8WZtx4dZUvT9Sg9NXGb3Q,240,15,15,13,25,16,17,34,30,26,27,15,7
dEi4_bO8ydNHgcRNKV8q6g,300,33,40,33,35,9,32,7,21,17,29,30,14
dFArFtgDj1rIahUDHU8L7Q,548,73,53,58,40,54,41,41,26,38,47,59,18
dKdApYVFDSNYsNOso6NYlA,431,31,33,44,31,33,37,49,29,39,40,51,14
dLc1d1zwd1Teu2QED5TmlA,281,16,24,32,22,30,25,23,34,19,26,24,6
dNr7VKRti8dXWE-jzfVBtQ,208,15,24,35,25,25,11,12,13,12,18,15,3
dQOnVrU5O0tSY5ZS8t3ScA,227,0,0,0,0,0,0,0,65,35,74,42,11
dQnUXBUMbjLLvF8OEXAmgw,364,0,0,13,41,54,44,58,35,40,35,30,14
dQtAC58AB8qpiDPs3FAoWQ,210,29,23,21,20,24,13,17,19,16,13,12,3
dTqKpbaiUgEd4rPSzKuWqQ,236,12,6,13,6,5,11,23,56,32,35,28,9
dVp1llwjZUmhCF4pNsJnQg,297,23,17,40,23,23,31,31,22,24,30,28,5
dWk0mbhj79pK3WBp5oLtpw,226,21,17,43,18,14,20,13,19,15,19,22,5
d_L-rfS1vT3JMzgCUGtiow,437,53,30,42,43,31,37,42,55,23,23,35,23
dbLAhlo4ubzaEwrx8Sy9FA,496,0,0,0,32,89,83,85,57,54,41,45,10
dciKn2Otp8nAMi4AurPjsg,1242,92,107,124,114,134,123,129,122,80,99,90,28
diaiQrxYFU1V5qxrFnW9fg,264,26,18,27,30,25,26,11,23,20,24,20,14
dl6mrYTQQoj03Im_Nntixw,237,32,15,18,18,14,31,25,25,21,14,17,7
dlpVK3a2Xfn6jtq5-soAfw,232,32,11,15,18,13,12,19,26,25,27,29,5
dxeu5YQIzw0jOp1cSVkimg,1464,132,101,133,108,177,181,150,129,99,81,118,55
e13SEvJud_vgeDR_doL4sQ,642,65,48,52,45,56,47,48,87,48,42,51,53
e3PBfbtXUjMziX6XGsOMoA,6415,490,401,519,460,604,594,652,584,619,637,614,241
e4NQLZynhSmvwl38hC4m-A,386,56,53,40,50,28,28,38,20,22,22,24,5
e6d50rwRTU-fONeSBJmOHQ,375,30,46,70,61,60,37,25,45,0,0,1,0
e6ls6aHFa75xKEZUQUu1QQ,378,15,0,0,40,76,45,40,34,38,25,42,23
e9XoOv-j4ceTVN9seUckPA,334,36,20,27,24,32,36,27,37,30,27,32,6
eAc9Vd6loOgRQolMXQt6FA,1200,85,96,109,127,100,97,139,122,114,84,89,38
eD-XLSo-j8uIoTnIlrG8YA,338,13,17,26,39,37,35,25,42,38,33,25,8
eEnNw3_hBvxcFHyr23kAuA,446,60,33,50,50,36,31,24,43,41,31,30,17
eFcpMAgG5OLzgElmnO2DUQ,206,17,15,22,14,49,17,14,22,16,9,6,5
eJKnymd0BywNPrJw1IuXVw,2471,189,159,232,182,234,227,209,263,237,214,245,80
eJNHwNoCk_hZbK8AeHDZ9g,374,18,22,36,39,34,45,38,45,32,28,21,16
eLFfWcdb7VkqNyTONksHiQ,281,30,28,28,24,29,26,28,24,22,18,17,7
eLenANu7PBUd_gAmoBzDvw,247,28,31,36,28,25,23,18,17,13,14,10,4
eR7Iw_X54m3YLWkXp9y35Q,471,39,46,52,28,37,49,50,41,44,37,35,13
eRlyQbR4Wn7F6JH5dVs4Qg,278,21,20,15,15,21,22,25,25,27,42,28,17
eUuKXhloFVHdQsLdodcLbw,284,22,18,20,23,17,26,26,26,40,23,34,9
eYJcI9cI6-kJ2NQpYdHcLw,247,15,12,24,15,28,25,19,28,28,19,28,6
eZcCFV-8X91ZSnmB9807bw,233,22,21,22,17,27,19,30,21,15,21,14,4
eaNenRk_liZBERFFLCXqqQ,417,35,38,45,41,36,39,42,35,36,29,31,10
ebEP_MZngIWKH0Ixobcqhg,225,14,11,24,8,21,19,30,20,23,27,20,8
ebTvBxSStI9Vf5Tpux_X3Q,593,63,43,68,56,50,46,52,52,48,48,53,14
eh127ASMZstrELE0K0XADw,259,27,23,25,21,16,22,17,29,28,18,26,7
evdJO0v9rvVixieNEnaeJg,343,38,23,28,35,50,35,28,29,22,27,13,15
eyaziRm7HOrtkkrQys_ERg,272,19,34,31,42,21,23,20,19,12,19,24,8
eygcJ6o3elw-IgiYhml7lQ,327,14,31,47,39,37,35,41,41,16,14,9,3
f1ZKauu7dCB6iplmKqplAQ,533,49,49,54,38,50,48,55,63,33,36,45,13
f4x1YBxkLrZg652xt2KR5g,1235,87,115,119,99,108,110,131,121,105,99,110,31
f5vPST6MUH2Dy3Arxg3f8A,496,20,15,30,65,63,37,59,52,40,52,38,25
f8IMQgRwo-8GP372MElDGQ,201,12,17,21,22,18,25,14,16,21,23,8,4
fAlKTsfsUF6A5iujEI2Z1w,464,17,26,31,53,39,53,66,48,47,25,37,22
fHM09_y3QX3n4a_bIFbk_w,337,30,14,27,26,45,33,39,30,28,28,25,12
fL-b760btOaGa85OJ9ut3w,375,33,35,42,34,53,30,40,37,22,19,23,7
fMDVw5GLRa4Is_qH-27Pdg,258,1,14,19,20,35,38,25,52,17,9,21,7
fOnpoMXToa5Qiyg95E6ENg,317,19,34,30,32,33,38,24,27,32,23,17,8
fQt4D34vcJNtEf8Q4zte3w,204,18,15,22,14,8,29,21,16,21,12,18,10
fQt9QVAZM9PM0wFDdROvWw,242,22,24,32,28,19,20,25,14,15,11,24,8
fT6Uwl6abRQfiNgxre_qbg,232,21,30,22,15,20,10,19,23,17,16,33,6
fZM_o3kKZ9mR-1pvBeow8A,274,28,30,28,30,37,22,27,12,12,17,21,10
faPVqws-x-5k2CQKDNtHxw,1214,94,100,134,111,112,115,127,113,92,78,93,45
fbyYmI6VkWFBhYTreIqyTQ,286,42,33,48,36,33,32,20,13,11,10,6,2
fhoFsFK6TqJOEo30LtXeDA,481,51,29,46,32,49,57,58,59,32,20,33,15
fobFqG-4X6XhDsuW7rb85w,633,0,0,0,0,0,18,122,122,64,161,123,23
fuW-VCynECpKukrm-9nxdg,743,110,99,118,90,52,24,41,76,44,34,44,11
fzrLcoVywMhMc_vjEigaDg,205,8,18,21,9,29,20,23,25,20,13,15,4
g-Sa8wjQirDxAUszz9VeBA,278,0,0,0,0,0,0,57,38,70,51,46,16
g-ZseseezHTpF5eMfLrLgQ,522,54,59,63,53,40,50,46,35,35,31,45,11
g3t2AQQVT2tWD64Huu7xVA,203,9,8,13,24,20,15,34,26,17,17,16,4
g83WbX_recywc4DEIZ-xug,273,11,23,19,32,27,25,26,10,11,33,47,9
g8OnV26ywJlZpezdBnOWUQ,275,16,28,33,18,22,32,35,18,28,21,18,6
gEeEpUAXI36N57nvCYJMxg,396,27,40,33,36,32,31,48,55,33,26,25,10
gG9z6zr_49LocyCTvSFg0w,260,28,19,25,19,19,21,27,27,20,27,21,7
gHq85iAANw1eIOVzkzRrpg,313,33,33,27,24,32,16,31,31,24,28,28,6
gOOfBSBZlffCkQ7dr7cpdw,324,20,37,39,33,25,23,33,21,28,26,31,8
gQMAcDm8kv8ev7x2BshMwg,240,39,6,23,35,15,19,9,22,22,11,34,5
gRCEObNuHtI61xR32ytqNQ,386,22,20,38,41,27,49,36,51,35,25,35,7
gTw6PENNGl68ZPUpYWP50A,316,49,40,37,19,25,28,23,28,19,19,23,6
gYA0AUARM_VCjJ-SkxMfeQ,231,11,19,25,13,11,12,23,17,32,18,37,13
gZDFzZor5yKbYuosvGa9oQ,228,26,11,21,17,21,20,14,19,22,36,16,5
g_hUpwFOuGky2mpySTpY6w,262,18,27,39,16,19,20,14,30,26,14,29,10
gcouHCQrswvakJ6xSEKtFQ,229,14,29,21,20,28,19,15,23,21,22,12,5
ghVhlFpNhfBwWDFGSlt2JA,1092,60,34,40,41,65,125,379,194,52,48,38,16
gjzQoi1AkRxYRl8-dFGGPQ,330,28,26,28,29,30,30,32,36,23,30,32,6
gkxcnkbrQfEWqyiOah0yoA,499,45,50,41,49,59,46,51,43,40,32,32,11
gldPX9ANF5Nic0N7igu2og,263,19,17,31,22,37,26,28,17,25,22,13,6
gn9cc6-VLuCClqkWCtNcpg,213,31,18,33,15,18,17,11,20,18,14,14,4
gqcJHVFCPeBRGnDf8bFzMw,1119,66,98,97,61,99,141,120,153,92,83,76,33
gqdqnFg2lYeSyS20q2ZK_Q,366,18,20,23,27,31,44,42,45,34,36,31,15
gx2yPrOJSwF1ApJYdGBWIw,703,55,54,82,50,77,47,52,79,68,65,53,21
gy-HBIeJGlQHs4RRYDLuHw,1127,85,97,93,108,114,127,91,95,90,89,97,41
h1OTWrVU86Wr6se-50OVMw,286,39,133,91,23,0,0,0,0,0,0,0,0
h5a8aJ_Pd71JzUGFA-IaAg,272,22,26,21,22,22,18,24,25,43,25,17,7
h7s4MRVvB726jWHCHiQ9kw,328,26,32,34,29,47,24,24,32,26,13,23,18
h8mj8eJs-i3dGDuUlYrLLQ,387,46,39,19,44,72,35,19,20,35,20,20,18
hBROX8RGSUYXDJAF97OV_A,278,22,25,38,26,25,23,17,25,25,25,16,11
hF1lFkVkhX55fZsy0Zj7Xg,246,2,8,27,24,35,47,29,38,13,15,5,3
hIUKufhwR6Ifn7bi0-phLA,203,17,15,24,14,17,17,23,18,22,17,13,6
hRL_qCrcu9UL773su0QabQ,313,34,20,18,18,20,16,18,7,9,20,88,45
hSFJ862tufLuwQxvSqehqQ,245,0,8,22,22,27,21,26,33,24,23,33,6
hZAxcfDnLOkFY6G5ofI2RQ,243,29,36,25,31,21,14,8,23,12,26,16,2
hZDNYOfZnVp10pFsycr8rg,208,22,21,20,15,24,17,23,14,11,19,16,6
hZT9I0H32HgIKgIQnSSUUA,237,38,28,11,26,25,15,21,38,28,6,1,0
hf8WoI724TuDeAtH80bgPg,244,17,17,29,19,25,32,24,19,26,17,14,5
hgPpc-bi4jStmM2SI4nKwA,258,31,20,19,23,27,26,23,27,16,11,26,9
hgWMxKhrnOUd3m5nOUBIkA,696,62,59,65,79,87,74,81,64,58,33,23,11
hgtLScZVfyxSg351g0D0dA,546,38,28,51,63,81,67,44,75,23,30,38,8
hihud--QRriCYZw1zZvW4g,8917,886,742,840,850,866,843,951,848,623,574,608,286
ho1vUk9R7Ole9aNmX6NMDA,351,24,24,32,43,32,27,38,38,34,26,20,13
hpnFcRFzs3kg-qM1tPEg3g,216,7,8,11,16,18,17,20,15,40,21,32,11
hqvqLihniz0ynit9c36JHg,245,19,21,21,25,31,18,20,23,18,25,14,10
hrhtWc8UcoZqYr2d7YPgEA,337,32,20,36,24,20,39,21,35,17,35,47,11
hxUxeY8DG9lhyjCVo_s-pw,331,34,30,41,44,24,36,16,21,23,32,15,15
hy5bDUPEODQ4ESiHHMu9aQ,218,13,18,10,24,23,21,18,15,24,18,27,7
i066yR2IDP4FWt6p-k9aFg,248,17,19,20,18,27,23,19,23,21,30,23,8
i9D9xPBV0gR1Ja9kbY4NCw,504,33,43,55,41,59,42,48,61,52,30,33,7
i9mqSffakkmhtR_iyBnhnQ,430,39,51,34,47,40,26,38,41,35,29,30,20
iBihgoxc6Ot7m2D4D3z0QA,208,17,17,29,20,21,20,11,19,13,16,17,8
iCQpiavjjPzJ5_3gPD5Ebg,1043,112,82,86,94,95,95,102,93,98,82,67,37
iI3jcwudiZYMVUeRPy-DwQ,297,13,7,35,26,26,26,36,36,31,28,24,9
iIiK3S_1Q6i3yenDyKAH3Q,255,25,25,15,13,32,34,32,18,11,18,20,12
iIwKW2cBAxjElE8eUzjwqA,264,17,26,23,28,30,22,20,30,27,16,16,9
iOt7ebp4Zy-5YUjHL1rbmQ,246,18,36,28,30,21,15,23,23,16,19,14,3
iRwT2pBa87Y54q8nqfNAzw,631,38,43,49,57,65,55,101,46,60,42,62,13
iSQwKRrLYYi-dI2PpJmJJg,220,17,11,14,18,13,18,20,21,25,25,24,14
if59L5DHM4pPMrCx9HuD8A,221,16,14,26,23,8,25,23,21,10,27,20,8
igHYkXZMLAc9UdV5VnR_AA,483,52,50,64,36,45,42,28,39,38,33,45,11
ii8sAGBexBOJoYRFafF9XQ,819,77,76,72,71,71,86,87,83,47,59,68,22
ijJp7DyCCX0tVsFdlapikQ,277,11,36,17,19,22,28,30,31,28,19,27,9
imZGzMSS6fB_h20zu35DBw,316,35,29,53,33,34,22,17,13,15,30,26,9
isw3cS3hOKdKeBgi3lF3-A,219,20,19,38,15,33,22,17,15,14,11,12,3
iw0lfglq24nN9ck_FCM2ug,229,14,18,19,21,14,19,30,30,20,22,16,6
ixxLqsmRZWAF2Kkv9awPNA,273,38,16,23,21,24,21,42,39,13,15,15,6
j-3kj1ZCKINyqRVHbWHv3Q,353,40,44,21,17,49,25,28,34,34,32,27,2
j28T6ZuP1mLHe3m36COOpQ,213,15,24,15,18,29,11,15,27,8,17,23,11
j4F5LtyQ3_dKLJbIEkwFpQ,225,20,11,21,27,33,19,31,18,11,19,11,4
j5nPiTwWEFr-VsePew7Sjg,205,18,19,25,23,17,14,15,20,22,11,17,4
j7YBahlSm7jjAdd_oWYIBg,1030,106,86,103,84,107,95,91,101,75,76,84,22
j8opwJ1ZM55hI3AMHT37MA,997,75,44,106,120,83,80,178,129,57,53,64,8
jBxrK5sbvH_gbMwJO63loA,229,15,19,34,21,27,27,15,13,27,16,15,0
jJDKPJLzkoPeytWIzstJrA,253,34,23,27,32,20,11,19,17,11,20,30,9
jOqzSqHe0HccCoqdbRjoWQ,249,36,17,15,28,34,36,31,32,11,4,3,2
jQLUjl-xirPpYa1dYzos9w,356,27,19,38,28,37,28,29,36,35,39,26,14
jXyy2Vc-Dgp7QguQJSfnXw,212,26,23,17,18,13,23,21,15,17,15,17,7
jZUJZhyc8PRvWlPKwj-arA,224,27,17,14,16,14,19,27,18,22,23,18,9
jaqQNaCH-xtdr6uH0MFnWw,255,29,16,26,20,27,26,15,23,24,18,28,3
jd34SCe0_MeheywmEHpoNw,367,26,32,44,36,38,32,37,31,29,29,22,11
jlbP9Yd0AQP8OlcsFkZ4hQ,279,29,24,20,25,15,27,25,28,18,26,26,16
joKG-MSwMJdR_OFm4J1WTA,330,26,21,25,38,23,26,31,30,31,38,30,11
jobP3ywRd3QNZ_GCoPG2DQ,329,22,19,23,27,43,40,38,32,19,31,28,7
jxbEwtV8Et1lm8ubk4AGuw,293,15,22,22,10,27,30,22,27,28,52,32,6
jyGSsaQbVQE37PWZPRWq2A,242,28,31,18,20,14,15,19,26,24,26,14,7
k-dDZvTeLysoJvjHI-qr9g,214,19,22,17,17,14,22,14,34,14,17,16,8
k1QpHAkzKTrFYfk6u--VgQ,574,41,54,71,43,54,51,53,63,53,35,47,9
kEC675O6YwRH30ImVxBCCA,217,18,13,12,9,18,16,33,37,20,19,17,5
kKoHGtf6q9qmKFmB4iLBzw,497,60,61,70,67,44,46,43,41,25,23,12,5
kNvukrzit0u-NfD6xvFMrQ,381,0,0,0,0,56,63,60,51,28,56,60,7
kRgAf6j2y1eR0wOFdzFAuw,387,49,40,36,32,26,38,31,31,39,22,33,10
kRlbNhkKnmN_jy6zz_gqhg,376,37,35,29,35,36,28,29,42,31,33,28,13
khb_lj7jgCzi3akuxMyEdg,569,35,62,53,35,42,56,69,51,51,39,56,20
kk9vGmlZNCdFuNC487YlBA,290,19,21,16,22,25,22,26,27,34,35,26,17
l3joBBpkq0ib11dKUpKMAw,255,15,22,14,15,26,32,37,15,19,8,34,18
lIDgEB1HnKAq03H1fpjzLQ,324,54,33,47,35,28,36,24,21,17,16,9,4
lKq4Qsz13FDcAVgp49uukQ,372,21,37,26,33,32,41,36,33,22,25,38,28
lOQPeguczAueJnLmDUTfGg,738,33,64,69,87,88,90,82,58,50,41,61,15
l_GV0hgEoTUf70uJVT0_hg,317,37,39,41,17,23,23,19,29,31,27,22,9
laUfHtX3lervYx_i7buatg,802,0,0,0,0,3,59,49,58,103,196,241,93
len2nrEtgD9bjnoYSyLPjA,289,16,19,24,21,35,15,27,29,22,38,26,17
lnJAEPihmksCPRY5P8ZSOA,353,0,0,0,38,92,43,17,14,9,60,61,19
lnVxUlDZTDJyRtL9sM9w9g,243,1,1,0,1,0,0,0,9,62,81,60,28
lody-V-zjxBxockQnFq9SA,214,0,2,43,32,29,17,20,23,17,14,13,4
lu3eprrEXNLQFDlzmQ7OfQ,258,42,16,49,37,24,18,11,17,16,21,5,2
lwxYmWqjmEZ0ukCsXC9Pfg,428,33,48,30,34,42,28,54,39,32,33,41,14
lxDWpwv4JK-veCYtLtwrEw,232,0,0,29,12,29,31,26,32,21,21,24,7
m-xsH8VkcYtTTvp2Fa6Ajw,301,19,31,32,29,42,27,22,36,16,23,19,5
m9n20UbuKvV6mLLMNhU8lg,237,24,18,14,13,15,6,18,12,17,35,44,21
mB_cI1tCrNxxvr2e2myNrQ,250,18,19,27,15,24,30,28,31,25,14,10,9
mBi0tqXwGrivaolQDbhzoA,239,0,10,39,39,24,28,20,24,17,20,11,7
mC263CTDDRaeqg-pFju4Xw,1288,116,117,121,106,109,99,134,115,90,99,141,41
mC39IrCp36QIVFRZIw9PTQ,326,23,38,29,21,31,31,44,36,21,21,20,11
mDR12Hafvr84ctpsV6YLag,649,69,54,63,54,45,59,63,55,51,64,54,18
mFHRnMQMhV6fVG4B4Ko9EQ,203,27,15,27,36,33,29,24,5,7,0,0,0
mO8ukT3f5BRQ29pC_WoAtg,288,22,26,23,28,29,41,40,22,17,22,11,7
mQqdGjf2YQSorUooA3zdSQ,405,42,26,40,37,58,38,44,31,25,27,31,6
mT7ZNVS5WJ11_YSYXwpG1w,1221,150,257,337,174,218,76,8,0,0,0,1,0
mU3vlAVzTxgmZUu6F4XixA,1359,154,103,157,107,110,115,133,99,99,90,134,58
maI7TBB32kGuRkfxxA8s6A,363,35,29,27,33,32,29,36,36,32,31,29,14
mmbXj7CmjGbH-wR3j6cD0w,592,57,53,54,62,45,47,46,72,51,53,37,15
mnwRtuVQEsIUomBchu0gwg,328,39,42,45,29,26,15,22,26,25,26,25,8
moZpwq1hNxC-uJRpfupOTA,359,31,35,40,30,41,31,29,29,30,32,28,3
mygLP5-SCnQwIev6LU9gWg,204,21,14,18,18,16,13,15,24,14,23,19,9
n5je00IxXTV3qS_ku-nWcQ,247,26,33,14,22,21,24,23,23,21,12,22,6
n8Zqqhff-2cxzWt_nwhU2Q,237,24,12,25,21,19,28,23,32,23,13,12,5
n8aPlrfZdCcwRaBsP7zuBg,402,0,0,0,0,0,0,0,92,137,62,76,35
n8vlQ1TbigbbRT6_9VwIRw,215,21,14,18,15,15,15,14,14,22,35,22,10
nM9NwHXy3EadihjJTG2i5w,330,37,32,37,31,33,27,25,23,23,24,28,10
nPBG-UbMHDMdcnW-HncZNA,873,70,80,111,96,75,91,62,74,97,58,41,18
nT16Y6AsJDwEpUB1JICKzg,220,5,10,21,22,27,18,45,29,19,10,11,3
nUpz0YiBsOK7ff9k3vUJ3A,327,23,21,29,42,23,36,23,33,25,33,26,13
nVAJZ6BJ9PPlxDXn976R6A,313,23,23,32,19,33,26,31,32,28,31,23,12
nW85DZuwHN6v-d3l54BOsQ,477,69,53,56,69,51,40,29,42,40,28,0,0
na4Th5DrNauOv-c43QQFvA,1650,176,160,167,180,115,137,146,110,114,109,158,78
nbQH8MXjxqsDzHRNTZ8esQ,204,17,17,15,10,11,24,18,11,15,31,21,14
nc7YTLSXEWPG4Q0WlI5iPQ,203,6,7,12,21,16,30,24,32,13,16,21,5
nepZ1HPAgBqw0TgJWbSgOA,511,41,20,24,48,44,39,58,55,53,52,58,19
ngs16C2M_uTq2zXamltHVw,229,30,27,19,16,18,27,16,21,13,13,21,8
nizlIF4pl2_6zZkFITBApA,2606,29,202,247,217,250,235,251,285,318,267,233,72
nlD3TvkWt4rXVJKKqS_qhQ,411,7,65,59,64,39,33,44,35,24,20,18,3
nry8dee2hjMyY3odd0AUZw,271,74,53,14,9,14,23,26,15,8,5,25,5
nu5qpsddW1MIINqNPpKeKQ,385,90,55,38,30,28,27,35,24,19,15,23,1
nuGAd48mGzVLlJLPkST0BA,202,8,11,16,25,31,18,17,18,14,15,19,10
o5eNRTaxoMUY2fprlT7wFg,355,20,114,56,45,27,17,24,14,17,13,8,0
o7AiTlyWUrBSzdz6oMHj5w,521,43,58,47,56,51,51,42,54,27,26,55,11
o86OGfW63bVqWkIrvxcEQQ,422,41,44,44,35,56,38,45,29,24,25,28,13
o9K4XEDK16T7LDYrKgstxA,275,7,41,27,18,32,21,20,19,22,24,28,16
oDxvrLYe5SiQKdJlGhheoA,219,24,20,27,25,12,12,20,19,16,25,12,7
oLN320dJD4EOfRMN53SMAg,801,86,70,87,84,62,71,70,71,54,56,56,34
oRbrnRAXGQetQDbkDhJp8w,380,42,44,23,36,32,34,41,30,32,34,27,5
oUJXPurI_LFTZhRCZcRNcg,516,37,17,49,45,32,27,45,67,103,80,13,1
oUX2bYbqjqST-urKbOHG6w,215,28,12,22,29,16,18,26,16,18,11,15,4
oXlAdB56cB0wTDrSf57SdQ,231,16,24,21,24,29,10,23,14,20,17,18,15
oXoVJ0xKv82cBo9U6oEjlQ,275,23,19,32,23,26,29,24,27,24,19,25,4
ocLnCE2E29j-CoBQj1yaSA,251,10,15,25,42,33,16,23,24,20,20,21,2
odyYR1Bg2bqmp1kVlm8OYw,309,34,33,41,49,24,23,14,9,19,23,30,10
oj5k-I0YSbuc5tDInt2isQ,208,16,25,18,16,24,9,13,13,15,19,29,11
olmCDBoMF-EhN8U2livBSg,456,28,44,49,46,55,39,32,33,45,22,50,13
oo-kGk1BEWpuDvSE4gfmgQ,294,31,27,25,20,19,27,40,26,32,19,21,7
orMyWvonOj55yswWf-k72Q,1232,103,117,145,120,126,108,75,97,85,112,123,21
osu1j_Lg8R9brpuMMn3a3A,238,24,34,26,14,16,27,14,24,13,17,24,5
ouis8_3J8vFg_TH_rJqOIQ,398,0,0,0,12,94,88,58,53,32,24,29,8
owsVSnllxn994EpBR8ZFwQ,865,75,61,72,83,98,81,60,68,91,86,63,27
oxwGyA17NL6c5t1Etg5WgQ,206,19,24,15,21,19,20,9,16,15,20,22,6
oz7PaA6zFtdi2nUxIYdlMg,728,41,72,52,67,61,76,75,55,81,69,49,30
ozEDKl0tZw5ob1evx41gcQ,354,38,32,46,36,23,35,28,29,17,24,31,15
p0iEUamJVp_QpaheE-Nz_g,1163,107,93,122,101,97,94,97,103,105,93,110,41
pH0BLkL4cbxKzu471VZnuA,447,58,24,60,24,40,32,51,36,39,31,36,16
pHJu8tj3sI8eC5aIHLFEfQ,291,35,22,22,19,17,23,34,29,25,29,21,15
pJ2n5ESveJ5-vbbvCaZQXQ,234,1,1,1,3,26,6,18,27,31,51,55,14
pRmb8_tAP5y4YPt_viL07g,204,20,17,17,13,18,17,16,24,18,16,20,8
pSQFynH1VxkfSmehRXlZWw,240,31,23,26,20,23,16,17,15,20,17,24,8
pTJaLLJMQRWEfl4HHMUOUw,251,20,17,42,36,17,10,13,23,18,21,22,12
peH054eonSBTLLC5aFOQ0g,269,38,14,22,19,24,34,15,21,21,16,37,8
pezol8VxjOwRuQtz-GDiUw,1224,92,73,78,129,158,122,150,143,103,79,76,21
plWuv4gda7m0KlqCNhrb4w,248,19,25,36,20,20,19,24,14,24,18,21,8
poYsvuOmVDqF4dTnjJ780A,418,30,43,45,37,29,30,38,40,36,36,46,8
ppobG2P-YmqTPy0s4MTRtA,405,26,22,29,19,36,37,48,46,44,48,43,7
pvpS3RkO8Qsl759-Xz7YZg,487,111,66,57,38,27,20,20,21,22,44,47,14
pwdZMC9Q2QH2uNbUj3NDeA,318,40,39,23,32,41,20,26,27,31,17,22,0
px_BoTnajsldEWCHioDczA,488,0,0,0,2,188,83,59,43,41,27,35,10
pyqnGlIfP9Zw8LLxBjyAiA,299,37,26,24,26,22,28,34,22,27,16,26,11
q-rIDEVISRVoh7kZUQhRnw,307,19,8,20,22,30,30,32,36,32,43,29,6
q-zZgXKAQFLEgMp9ZNllgQ,354,42,28,25,33,36,38,32,37,28,23,24,8
q18xbq3Cbyp_BJyfMQxFxg,279,23,17,30,25,25,32,34,14,15,25,32,7
q1EJ1BT_xoorCoWarXiwuw,297,34,20,28,23,27,26,26,27,26,23,25,12
q3IEuy9YPsHh0hpqX1HJZw,349,0,4,21,18,18,16,8,74,86,86,17,1
q3YnYPjLuBGRDi_59yTC5g,316,38,35,31,28,18,23,29,19,31,31,21,12
q3dJQtwZQrrurNT-1bNKgQ,407,42,44,35,52,32,37,27,31,31,37,28,11
q3oJ6bNRV3OoJrwc95GOwg,435,38,36,49,28,54,39,50,32,31,39,26,13
qNU4Aw0cjyOyhT6QkEraEA,208,15,22,14,16,15,15,24,25,17,20,15,10
qNYLt8zizn--wEpT1KILfw,1177,99,83,121,119,105,113,111,100,92,108,91,35
qRymrsLmlA34bC8PvNoujg,209,15,15,14,23,31,20,13,21,18,25,11,3
qVO3l9Q0-KVQE7W9JL9ePw,265,24,24,24,18,20,16,25,22,28,28,24,12
qXXVNNf8QU6UghJJGpo7uA,215,25,27,17,16,10,21,22,30,13,13,13,8
qZ2ZqbBS1kLtvoKmxbur4A,340,25,18,20,26,55,42,36,33,29,37,15,4
qgAZPDQStZP_Y5XTiQ6UqA,278,29,29,30,31,27,26,17,11,23,27,20,8
qisbqK1wxuwp6GumMrwB2Q,428,41,32,60,39,41,35,21,32,36,34,33,24
qjnJFZtsY_nfRzoL3J_UWQ,778,56,71,74,82,60,73,69,66,64,72,66,25
qkyCuFJF2Uboh6n2Lmuwlg,251,26,18,24,21,28,18,25,19,20,25,18,9
r5PLDU-4mSbde5XekTXSCA,332,34,32,42,30,37,29,34,25,21,21,20,7
rHsZF5FLJU3d_-Qh-2odRQ,239,28,29,31,9,31,34,23,10,13,17,11,3
rJgyGHHKbl2n5IoYsboZUw,518,31,24,17,26,90,99,32,33,46,73,30,17
rTZVcJZ8G80i6NjLw0SW8Q,386,27,25,53,28,25,35,41,39,32,34,31,16
rXwU4v7pR1w1jrBIYWgy8Q,347,42,47,39,34,22,32,33,25,27,22,20,4
rZDi46tdwQoSAmxU50xiQQ,271,12,17,24,31,20,23,35,36,24,18,27,4
rZpESBojl8dTTWp6EwlEBQ,309,17,20,43,43,29,33,25,24,27,28,13,7
r_BrIgzYcwo1NAuG9dLbpg,662,38,23,47,54,67,70,86,83,85,53,41,15
rbcfYmJtqwIkk17IeOI5Kw,274,28,28,23,27,21,24,29,28,21,16,18,11
rcaPajgKOJC2vo_l3xa42A,497,42,42,48,44,46,35,43,29,52,51,45,20
rdE9gg0WB7Z8kRytIMSapg,498,52,44,52,52,41,39,42,34,45,37,51,9
reh3SrjhnJj9kXELD3f2kQ,384,46,39,49,34,28,40,30,31,19,30,26,12
riM-pBsdqRRVXtAVbLfsxQ,232,25,28,35,13,23,16,17,26,10,13,22,4
rioQ_p2pILNbJ4Xp5jW6-Q,326,32,30,46,31,27,30,27,19,17,25,35,7
rjlAUHT8B6KhKAmkZqS1xw,469,26,36,65,42,47,38,50,55,28,43,29,10
rkH_CkTZBKOv2q0kAq5M_A,411,50,34,26,18,25,38,33,31,40,38,36,42
rmRqq0CEqEeoVu3DVnibjw,366,31,37,40,40,16,19,23,33,49,29,32,17
roR1_DDlMk7mhi5_R6XVKA,416,35,40,33,36,38,28,44,27,39,27,59,10
rqQduvhMHt4u7Rrk7CwsqA,579,40,33,63,55,52,52,57,51,70,53,41,12
rqWIntPaV8TpJvgT6H9UNw,537,60,46,72,47,61,43,43,50,35,31,44,5
s7WZTJQxs5MR9HSHQyg7rw,799,21,55,61,61,65,59,41,93,95,112,107,29
s7u1OxcLtsy5ch_z4htVaw,311,20,16,33,26,25,28,34,36,37,23,25,8
sAZGdlYTp41UWEjHdeZrWg,612,42,81,85,65,65,52,39,47,36,48,37,15
sCcTxcxzcVHKVHt29BM6LQ,604,0,0,6,44,55,32,22,64,297,35,29,20
sH3UsolKjik01u0HlQ9_0Q,259,21,31,26,17,22,27,25,25,21,20,14,10
sJNcipFYElitBrtiJx0ezQ,402,34,52,56,43,42,35,32,26,17,23,33,9
sKA6EOpxvBtCg7Ipuhl1RQ,803,83,70,80,74,80,68,66,83,58,56,52,33
sKrlmbrZWCyLIgiMihCPqw,259,22,23,32,41,26,23,18,17,20,14,21,2
sNVGdeOPeitJ3OWUQBINzQ,364,28,30,34,28,24,32,40,38,28,29,40,13
saijdv-vXJrvsCfvr7SZOw,458,45,23,60,39,32,27,52,45,51,25,44,15
scyxRX_kN6dVNbxEiqfXuA,209,14,17,10,22,26,9,23,25,25,19,13,6
siuAD-vFRYAjozc332wq3g,214,11,31,9,27,26,25,20,21,22,15,6,1
sjJOsKnXxsQodXMr1i8fsg,206,11,16,9,10,13,28,33,27,20,11,16,12
sk0stgY4NDJYOX1MbNJ3Pg,744,103,92,132,69,27,40,17,32,83,57,76,16
sn5oL6Cd2l2IoTGk-M-FBg,548,0,28,158,79,78,48,38,42,31,25,13,8
so3mxlBchivcXS9UgyE4gA,270,26,41,32,30,14,23,24,20,23,9,17,11
spCzs32TMQpRCJbJfArZng,285,24,28,21,25,36,23,33,28,26,16,21,4
sqRX-XLlhx4rs2c1TpBf8A,329,31,28,27,25,27,28,22,44,23,27,32,15
svFq2-4Yv5bIXtB2EK24Ow,212,22,16,15,19,23,23,16,25,7,19,19,8
svdEhLmNmpVaIv1WLtoOvQ,309,27,19,34,29,32,23,30,22,23,26,23,21
szL4LjaGZpmsLjQ5ALmaQA,244,17,33,22,22,18,20,14,19,17,22,27,13
szhJLmdLDVFTevm8fu0T4A,205,24,21,20,20,25,24,18,7,10,17,16,3
t-o_Sraneime4DDhWrQRBA,977,65,92,61,91,73,89,102,80,112,75,95,42
t5nyOtnEv455rShOS_g3RA,210,18,19,22,27,15,21,20,17,14,14,17,6
tKi4OvAlckcVzeP92InsOQ,395,35,18,27,20,29,37,61,20,33,50,57,8
tcfL9_Qe-12eX4rdmK_6XA,280,21,20,29,22,19,27,28,23,37,25,28,1
tdE6kTpUMXWjrGicRrGuqQ,246,0,0,0,6,99,45,52,30,14,0,0,0
tft6AyqfmqUidwY75dIwMA,544,0,0,0,2,130,85,77,66,72,54,36,22
tgFQQ4AK42geNLEMEioPeQ,372,0,0,0,0,0,0,159,74,44,23,42,30
thLX_k20SPJ0KyusGTBIHw,1109,117,92,133,113,109,90,102,98,86,70,79,20
tox8x-lk9KNmGSq-fuNH9Q,927,116,63,83,110,89,81,93,63,77,72,65,15
u-3exVNGKE0iJ7nnxS3BbA,396,36,49,48,23,34,50,39,30,25,33,19,10
u4sTiCzVeIHZY8OlaL346Q,255,24,15,24,20,27,35,30,22,22,15,20,1
u73j2VQ3TGWdMO-AG7MABw,214,17,21,30,14,21,31,18,18,10,11,17,6
u7CxxEzx8hvjoJ8onN4zTg,1212,83,81,109,97,125,98,122,124,106,107,96,64
uBdYMY6a6A7FyxzTSwOiDg,255,42,19,19,30,21,31,17,22,18,15,16,5
uFCEU_OtDoF2_7NZ8jYBEw,595,51,36,68,74,58,51,60,57,64,39,30,7
uGupeWqih0yIcCg8anM1PA,1009,119,103,119,85,67,90,86,72,71,76,92,29
uHUcYpGlcdlu5m7oiZGY6w,215,7,11,22,24,26,23,24,21,16,11,24,6
uI-dbKk_9cUen7pi3-16Sg,209,25,15,21,23,15,15,19,19,18,16,17,6
uJ5vD6cY3K9Fi1Yh5WlAHQ,380,31,31,35,31,33,34,33,34,34,33,36,15
uKONHIVGg_qzpDb3mfTvwA,215,14,26,35,25,20,21,18,11,13,21,8,3
uLat5lajUkxZbp-f_nN4eQ,330,19,24,31,36,42,34,36,29,18,17,26,18
uM8JeO42ouAP3rdtwCY-OQ,265,23,21,26,22,34,28,28,22,27,22,11,1
uMQaaUvdHGhTFiyOhGa93w,286,22,22,31,27,27,20,26,28,23,23,33,4
uW6UHfONAmm8QttPkbMewQ,545,41,40,48,53,62,61,59,64,32,38,34,13
u_vPjx925UPEG9DFOAAvFQ,603,54,68,56,45,50,61,73,42,41,41,54,18
uanCi4OGc1mHLGl_AT4JhQ,463,35,36,47,48,29,46,44,46,31,32,51,18
ucjDFc8YgtoIYm95K1dZ2w,265,27,23,29,32,23,37,5,25,26,20,15,3
uf1Bw8r7f0TFh5drTk_98w,391,55,43,44,24,45,28,18,19,36,28,21,30
ufostEB8B3PC8treZ6FjlQ,335,18,41,41,40,31,35,36,20,19,22,24,8
uh7DUWtPoZkuEE05fghJ_w,350,42,24,33,33,30,33,20,24,25,36,35,15
ujHiaprwCQ5ewziu0Vi9rw,404,49,39,37,31,40,33,33,41,24,27,37,13
ujgpePdD8Q-fP1mPFnw0Qw,221,22,26,15,20,29,16,16,11,22,18,19,7
ukCTLs6T8LY1eUBXiAlmCg,275,25,33,19,28,31,17,24,13,24,24,31,6
ukgtqDTFtE7kUQ_Vtdu0_A,418,46,39,32,30,38,32,42,38,36,34,37,14
umXvdus9LbC6oxtLdXelFQ,440,46,41,39,31,49,28,44,50,31,33,34,14
uokw7AloQMifp_ePtVdvQg,433,0,0,0,0,0,0,0,0,0,218,178,37
urZAY6Hs-f3Bq6bmKYTiVQ,220,22,15,11,7,21,15,21,25,24,28,20,11
utIA0LyQmwP-9DRyxUe6qQ,645,64,60,77,77,63,54,62,48,48,54,28,10
uuGL8diLlHfeUeFuod3F-w,608,77,63,89,95,88,36,40,36,25,27,27,5
uuaH1UNcqcV-alT6nh42WA,405,20,42,49,23,40,40,43,31,37,32,33,15
v0pSEJhTLBdyS6gmNrHccQ,391,47,35,37,28,43,33,22,46,30,21,35,14
v1AE1LLWDOqe8ubOzqKADg,206,20,22,23,15,24,12,13,20,17,15,16,9
v89mTnhtPx35o0zawjIyaQ,260,26,21,28,24,24,27,26,26,22,13,18,5
vD5q-79aiIxeI_H8n4PFcA,237,0,32,51,36,19,20,17,13,13,18,13,5
vHz2RLtfUMVRPFmd7VBEHA,1974,169,141,204,144,168,172,200,188,181,163,181,63
vK1_qKEG7zHvjiTOsN0CRg,306,27,25,39,36,28,28,24,24,20,27,21,7
vT812nRctS62PVxUverayw,252,21,31,24,22,12,28,24,21,29,22,15,3
vUJ08IkoUu5eaccWWFNIXg,742,62,51,51,69,60,88,113,71,52,63,42,20
vl1aHp6pvnSmpoRQShWLjg,272,28,25,31,20,32,18,23,26,19,23,23,4
vnvQ0lD9MDje2DFde9PKQA,210,12,14,14,29,20,27,22,18,31,7,9,7
vsFFbN71ehRCp46KeR5RdQ,375,35,39,45,25,30,35,31,29,33,31,30,12
vx4YAA02Qz6khRD1fZ1MFA,372,42,28,35,35,29,33,34,33,29,31,36,7
vyzfT3_KzLi8WmInwIVPeg,616,7,43,48,45,36,66,56,46,66,93,78,32
w-As0KSwy8pqMClOea-NLQ,476,34,41,50,56,40,39,58,27,35,35,48,13
wJft0Y8B9plFJcfibQl1wg,1727,252,173,185,140,145,132,148,133,117,120,147,35
wPGjrXl1W0Bb8m2L7nBAew,328,37,26,31,30,34,19,22,29,18,43,22,17
wRPPrmpvYowLHXmftrT5YA,417,41,40,40,28,45,37,33,32,31,42,37,11
wTjvgkUJMVWrYed9mXdQjg,233,26,20,21,20,23,21,20,20,18,18,20,6
wUKzaS1MHg94RGM6z8u9mw,521,57,42,58,50,59,34,51,49,36,34,38,13
wZukjLaf1V2dLRQap_Zriw,311,24,28,38,35,36,28,24,31,20,23,22,2
wa8QgXQu1ZxwPgdRl9lYlg,227,30,23,24,15,19,15,20,14,23,19,19,6
wdOOK3K6vzQy1d_OIk-U9w,207,19,20,22,23,21,16,25,15,12,17,13,4
weF6-lzEoGOdpATTWbgG_Q,460,6,37,56,71,61,42,48,43,31,30,25,10
wfCNNMkeJcpWr9jj1hcdAA,258,16,28,9,29,22,26,39,30,21,20,16,2
wfxmuA7LbKZKVLV58EiWBw,586,82,41,58,53,59,76,36,59,24,43,39,16
whAwdYVty-jSNRhrYT2zHA,290,24,31,28,26,27,28,25,29,20,26,17,9
wkKlpSx3OcoGJiv7p8VZzw,803,107,115,73,73,116,83,79,73,29,22,21,12
wl31Y12nicmMYjJlUR7VmQ,2124,0,0,0,311,763,241,187,169,145,117,134,57
wlo2bgI8ppQx-0-nzOGvJQ,298,30,31,35,31,28,26,31,28,17,10,27,4
wmId49_BwzfWd3ww6GDMeA,261,32,22,22,13,20,28,22,31,21,17,29,4
wopyolJM2hOAt3dPRmahNA,400,37,33,55,34,31,43,27,42,27,29,32,10
wpnLPAnkMEb1NpC3xiD_qg,309,25,19,21,28,23,32,28,38,37,29,25,4
wuQDMDlqM17jQNo0lYQZ7g,223,17,18,30,20,26,18,26,18,25,11,9,5
x1bRIbodhd1AmYa0UAJwZw,375,44,38,56,34,34,23,26,27,27,31,29,6
x2JxsUlVFrcQ3FvK2UR6KA,222,16,19,21,21,16,25,23,16,16,19,20,10
x60RbvQEFlvImnqzuBVk3Q,288,16,66,67,55,29,17,16,10,1,5,4,2
x98nIwphCWN5h42S1NXE2g,203,12,13,18,12,13,37,19,17,20,13,23,6
x9bXRDy70_nEoCXTs9Dtig,251,0,0,0,0,0,48,43,58,34,33,30,5
xB7bsOpJbnK9nHEZw1ARDg,538,44,37,71,46,50,52,68,42,46,42,24,16
xCL38K0oPgK3ydzg4CrvKg,237,37,19,21,25,20,16,26,16,14,13,22,8
xEBor41OFpeeKdcCZ2sfMg,329,22,36,46,24,29,38,25,31,29,23,15,11
xOd7QPtJvFlUPj2dcvMIGw,241,1,26,30,24,25,29,23,17,29,16,13,8
xR1gLCH5resvtq1eV1nebg,407,49,43,57,35,45,31,19,25,25,40,28,10
xVEtGucSRLk5pxxN0t4i6g,364,29,29,31,49,38,32,24,33,21,32,27,19
xX0kAVShr7UT5nY2YRYIGg,240,34,37,24,22,21,20,19,21,16,15,8,3
xYpAg60oZVbOtSYgrOKBgQ,207,23,25,25,17,21,16,15,18,12,11,19,5
xaJS4YP0lISl2V5z2qA3GQ,804,58,54,75,56,63,80,68,91,65,86,84,24
xfWdUmrz2ha3rcigyITV0g,1318,116,120,107,136,106,131,132,114,91,100,123,42
xhVxf5HSlCAqpyG8OuNptg,288,32,31,32,24,22,20,18,28,25,28,19,9
xjDoyAVInbvRjO6uiUxAgA,207,5,27,24,18,22,21,30,17,20,9,9,5
xlXwxfiUD4bgJFKUYwkzOg,764,68,62,67,72,64,78,73,67,73,75,50,15
xnVkYE3iMp_aZniiCIuD0g,215,3,23,28,13,23,20,26,22,19,16,16,6
xnu43HypkYDuawBEHYn0qA,264,25,22,28,24,29,22,24,22,12,25,23,8
xtYiHTmunjfCN2sUaQxBjA,661,73,47,58,36,69,57,27,59,58,93,57,27
xudgMGJvmXIljlxZmeYODg,950,87,82,114,60,78,93,78,86,90,78,91,13
xy6JUuTJ8SEQsIx6wL3OTQ,292,39,27,36,25,30,31,28,16,26,15,17,2
y4ETe3DkcIjjr_eyeg5U5g,307,34,24,41,32,27,32,23,21,25,21,24,3
y61xPS0NXp6X8N6F6OQtQg,256,45,39,39,14,38,14,15,11,8,12,12,9
y7TV2trR4B9sbgXtyrqv8Q,276,18,10,21,23,26,31,37,29,23,16,27,15
y8d90Pt16Nip-B5UXWBP-w,307,27,28,33,26,26,29,28,39,21,16,27,7
y9ukbhhyYC2qrPSS9eWh5Q,206,17,16,19,23,12,15,18,25,19,11,20,11
yN04E9KzXsuO59t0b_O7EA,280,32,21,33,34,28,23,22,29,11,25,14,8
yNPh5SO-7wr8HPpVCDPbXQ,431,43,46,42,40,46,36,19,32,27,56,32,12
yQS7bWaBhhGZJ1zeXku4yA,281,41,15,29,19,30,15,15,28,31,24,24,10
yQab5dxZzgBLTEHCw9V7_w,4118,317,329,361,347,390,372,368,402,360,398,305,169
yTeTCkzIIw1rXatDWh_ISA,250,28,24,23,15,17,33,23,20,23,18,18,8
yaHyPn3zfLPK46NpvtqlPw,228,3,7,16,15,28,52,34,31,18,12,10,2
ybHlmdUHLPKfv85bRK4Wtw,603,74,66,54,60,72,57,39,39,43,44,41,14
yeTKcKUlTq-W7EJ5hPkqbw,893,103,94,117,85,75,84,76,79,70,54,48,8
yfxDa8RFOvJPQh0rNtakHA,761,75,68,66,65,70,59,72,69,74,54,61,28
yg_A_TpYkJjr1fef0J6QkQ,217,22,20,23,17,15,30,24,24,12,17,11,2
ygaOvp0PLBYaYeN9cZAlGg,794,86,70,69,56,77,61,76,75,72,52,76,24
yhgUyctWczUN13MinNgZ3w,285,19,39,52,27,20,21,18,24,17,13,24,11
ynmTXY9yJDiNkO4HUmxRSQ,224,32,24,17,15,14,17,18,26,17,15,24,5
yqYtY3-Po4OVPafA9Z-Xyw,470,36,42,41,42,46,57,37,41,39,33,46,10
ysv6yhVYOoH9Pf7PlMyD0g,407,42,28,40,39,35,42,40,42,25,28,32,14
ytAsW7DYezxMMzqoO_-nIQ,356,26,13,58,32,33,39,20,24,25,36,41,9
z2CVPfaG8C_rydUZCcsqbw,295,45,25,28,29,32,19,20,29,18,15,23,12
z4EIzLJlGd7gyje1Q_hKtw,201,10,13,24,17,22,25,22,27,17,9,10,5
z4sQ6HhRJUAnxm9mVJHkAg,386,90,79,77,24,18,13,24,13,8,23,12,5
z5J9U_HU4iVLwaCH6rdC2w,209,19,16,20,16,25,19,24,21,15,18,11,5
z5KWNSDvgv-4I62P8l8Ynw,253,38,28,45,15,14,21,14,19,21,11,19,8
z7GAft_JrFNmAH5xbVeYSA,765,60,73,80,83,72,48,70,89,58,62,48,22
zEOfVGv6DeprEzmFYMFhXA,864,52,105,115,49,89,129,74,42,39,62,85,23
zFGqtqlZXQYYhBozM_ZpOw,395,43,27,43,35,39,36,46,37,33,25,22,9
zK7sltLeRRioqYwgLiWUIA,456,39,34,67,40,29,37,45,42,48,36,29,10
zRqi6L1u-YmmVAHjeUbGMQ,265,20,17,31,20,32,20,22,26,32,15,26,4
zWno83CCEC1cPGZvxQPf-g,465,31,40,55,38,37,38,39,41,41,40,48,17
zXPCg2ZODobckHwvZGjuCw,292,0,0,0,0,0,30,84,53,45,45,26,9
zY-1U4rMVjMN_7gCjXJvow,228,0,13,2,15,69,49,35,15,4,15,11,0
zaxK3ea92mvEBRy-jttngg,460,27,25,52,35,42,38,84,32,29,31,45,20
zcScEL0WEdFkROcnz5379g,491,31,20,59,36,28,29,58,71,58,41,47,13
zgQHtqX0gqMw1nlBZl2VnQ,497,7,11,45,81,44,48,44,47,41,63,52,14
zhj1rDmdmliip6PMYudQug,341,14,24,38,32,53,36,42,36,21,22,16,7
zoDilOV7nSQ3lXIhGOSbog,258,18,22,30,14,35,24,18,21,21,18,25,12
zoODlH40edpJYLPLkHilNA,203,15,19,16,18,24,16,28,23,12,17,14,1
zx_j6OuuHHa2afVoAZuLpA,241,31,22,33,31,18,26,19,9,16,17,13,6
